club,year,source,dominant_topic,topic_label
Atlanta United FC,2018,press,2,Playoffs & Coaching Decisions
Atlanta United FC,2018,reddit,1,Fan Discourse & Community
Atlanta United FC,2019,press,2,Playoffs & Coaching Decisions
Atlanta United FC,2019,reddit,1,Fan Discourse & Community
Atlanta United FC,2020,press,0,League Governance & Ownership
Atlanta United FC,2020,reddit,1,Fan Discourse & Community
Atlanta United FC,2021,press,2,Playoffs & Coaching Decisions
Atlanta United FC,2021,reddit,1,Fan Discourse & Community
Atlanta United FC,2022,press,2,Playoffs & Coaching Decisions
Atlanta United FC,2022,reddit,1,Fan Discourse & Community
Atlanta United FC,2023,press,2,Playoffs & Coaching Decisions
Atlanta United FC,2023,reddit,1,Fan Discourse & Community
Atlanta United FC,2024,press,2,Playoffs & Coaching Decisions
Atlanta United FC,2024,reddit,1,Fan Discourse & Community
Austin FC,2018,press,0,League Governance & Ownership
Austin FC,2018,reddit,1,Fan Discourse & Community
Austin FC,2019,press,0,League Governance & Ownership
Austin FC,2019,reddit,1,Fan Discourse & Community
Austin FC,2020,press,0,League Governance & Ownership
Austin FC,2020,reddit,5,"Stadium, Tickets & Broadcast"
Austin FC,2021,press,2,Playoffs & Coaching Decisions
Austin FC,2021,reddit,1,Fan Discourse & Community
Austin FC,2022,press,2,Playoffs & Coaching Decisions
Austin FC,2022,reddit,1,Fan Discourse & Community
Austin FC,2023,press,2,Playoffs & Coaching Decisions
Austin FC,2023,reddit,1,Fan Discourse & Community
Austin FC,2024,press,2,Playoffs & Coaching Decisions
Austin FC,2024,reddit,1,Fan Discourse & Community
CF Montreal,2018,press,2,Playoffs & Coaching Decisions
CF Montreal,2019,press,2,Playoffs & Coaching Decisions
CF Montreal,2020,press,0,League Governance & Ownership
CF Montreal,2021,press,4,Transfers & DP Signings
CF Montreal,2022,press,2,Playoffs & Coaching Decisions
CF Montreal,2023,press,2,Playoffs & Coaching Decisions
CF Montreal,2024,press,2,Playoffs & Coaching Decisions
Charlotte FC,2018,press,3,International & National Team
Charlotte FC,2019,press,0,League Governance & Ownership
Charlotte FC,2020,press,0,League Governance & Ownership
Charlotte FC,2020,reddit,1,Fan Discourse & Community
Charlotte FC,2021,press,3,International & National Team
Charlotte FC,2021,reddit,1,Fan Discourse & Community
Charlotte FC,2022,press,2,Playoffs & Coaching Decisions
Charlotte FC,2022,reddit,1,Fan Discourse & Community
Charlotte FC,2023,press,2,Playoffs & Coaching Decisions
Charlotte FC,2023,reddit,1,Fan Discourse & Community
Charlotte FC,2024,press,2,Playoffs & Coaching Decisions
Charlotte FC,2024,reddit,1,Fan Discourse & Community
Chicago Fire FC,2018,press,2,Playoffs & Coaching Decisions
Chicago Fire FC,2018,reddit,1,Fan Discourse & Community
Chicago Fire FC,2019,press,2,Playoffs & Coaching Decisions
Chicago Fire FC,2019,reddit,1,Fan Discourse & Community
Chicago Fire FC,2020,press,2,Playoffs & Coaching Decisions
Chicago Fire FC,2020,reddit,1,Fan Discourse & Community
Chicago Fire FC,2021,press,2,Playoffs & Coaching Decisions
Chicago Fire FC,2021,reddit,1,Fan Discourse & Community
Chicago Fire FC,2022,press,4,Transfers & DP Signings
Chicago Fire FC,2022,reddit,1,Fan Discourse & Community
Chicago Fire FC,2023,press,2,Playoffs & Coaching Decisions
Chicago Fire FC,2023,reddit,1,Fan Discourse & Community
Chicago Fire FC,2024,press,2,Playoffs & Coaching Decisions
Chicago Fire FC,2024,reddit,1,Fan Discourse & Community
Colorado Rapids,2018,press,2,Playoffs & Coaching Decisions
Colorado Rapids,2018,reddit,2,Playoffs & Coaching Decisions
Colorado Rapids,2019,press,2,Playoffs & Coaching Decisions
Colorado Rapids,2019,reddit,1,Fan Discourse & Community
Colorado Rapids,2020,press,2,Playoffs & Coaching Decisions
Colorado Rapids,2020,reddit,2,Playoffs & Coaching Decisions
Colorado Rapids,2021,press,2,Playoffs & Coaching Decisions
Colorado Rapids,2021,reddit,2,Playoffs & Coaching Decisions
Colorado Rapids,2022,press,2,Playoffs & Coaching Decisions
Colorado Rapids,2022,reddit,1,Fan Discourse & Community
Colorado Rapids,2023,press,2,Playoffs & Coaching Decisions
Colorado Rapids,2023,reddit,1,Fan Discourse & Community
Colorado Rapids,2024,press,2,Playoffs & Coaching Decisions
Colorado Rapids,2024,reddit,1,Fan Discourse & Community
Columbus Crew,2018,press,2,Playoffs & Coaching Decisions
Columbus Crew,2018,reddit,5,"Stadium, Tickets & Broadcast"
Columbus Crew,2019,press,2,Playoffs & Coaching Decisions
Columbus Crew,2019,reddit,1,Fan Discourse & Community
Columbus Crew,2020,press,2,Playoffs & Coaching Decisions
Columbus Crew,2020,reddit,1,Fan Discourse & Community
Columbus Crew,2021,press,2,Playoffs & Coaching Decisions
Columbus Crew,2021,reddit,1,Fan Discourse & Community
Columbus Crew,2022,press,2,Playoffs & Coaching Decisions
Columbus Crew,2022,reddit,1,Fan Discourse & Community
Columbus Crew,2023,press,2,Playoffs & Coaching Decisions
Columbus Crew,2023,reddit,1,Fan Discourse & Community
Columbus Crew,2024,press,2,Playoffs & Coaching Decisions
Columbus Crew,2024,reddit,1,Fan Discourse & Community
D.C. United,2018,press,2,Playoffs & Coaching Decisions
D.C. United,2018,reddit,1,Fan Discourse & Community
D.C. United,2019,press,2,Playoffs & Coaching Decisions
D.C. United,2019,reddit,1,Fan Discourse & Community
D.C. United,2020,press,2,Playoffs & Coaching Decisions
D.C. United,2020,reddit,1,Fan Discourse & Community
D.C. United,2021,press,2,Playoffs & Coaching Decisions
D.C. United,2021,reddit,1,Fan Discourse & Community
D.C. United,2022,press,4,Transfers & DP Signings
D.C. United,2022,reddit,1,Fan Discourse & Community
D.C. United,2023,press,2,Playoffs & Coaching Decisions
D.C. United,2023,reddit,1,Fan Discourse & Community
D.C. United,2024,press,2,Playoffs & Coaching Decisions
D.C. United,2024,reddit,1,Fan Discourse & Community
FC Cincinnati,2018,press,0,League Governance & Ownership
FC Cincinnati,2018,reddit,1,Fan Discourse & Community
FC Cincinnati,2019,press,2,Playoffs & Coaching Decisions
FC Cincinnati,2019,reddit,1,Fan Discourse & Community
FC Cincinnati,2020,press,0,League Governance & Ownership
FC Cincinnati,2020,reddit,1,Fan Discourse & Community
FC Cincinnati,2021,press,2,Playoffs & Coaching Decisions
FC Cincinnati,2021,reddit,1,Fan Discourse & Community
FC Cincinnati,2022,press,2,Playoffs & Coaching Decisions
FC Cincinnati,2022,reddit,1,Fan Discourse & Community
FC Cincinnati,2023,press,2,Playoffs & Coaching Decisions
FC Cincinnati,2023,reddit,1,Fan Discourse & Community
FC Cincinnati,2024,press,2,Playoffs & Coaching Decisions
FC Cincinnati,2024,reddit,1,Fan Discourse & Community
FC Dallas,2018,press,2,Playoffs & Coaching Decisions
FC Dallas,2018,reddit,1,Fan Discourse & Community
FC Dallas,2019,press,2,Playoffs & Coaching Decisions
FC Dallas,2019,reddit,1,Fan Discourse & Community
FC Dallas,2020,press,0,League Governance & Ownership
FC Dallas,2020,reddit,1,Fan Discourse & Community
FC Dallas,2021,press,2,Playoffs & Coaching Decisions
FC Dallas,2021,reddit,1,Fan Discourse & Community
FC Dallas,2022,press,2,Playoffs & Coaching Decisions
FC Dallas,2022,reddit,1,Fan Discourse & Community
FC Dallas,2023,press,2,Playoffs & Coaching Decisions
FC Dallas,2023,reddit,1,Fan Discourse & Community
FC Dallas,2024,press,2,Playoffs & Coaching Decisions
FC Dallas,2024,reddit,1,Fan Discourse & Community
Houston Dynamo FC,2018,press,2,Playoffs & Coaching Decisions
Houston Dynamo FC,2018,reddit,1,Fan Discourse & Community
Houston Dynamo FC,2019,press,2,Playoffs & Coaching Decisions
Houston Dynamo FC,2019,reddit,1,Fan Discourse & Community
Houston Dynamo FC,2020,press,0,League Governance & Ownership
Houston Dynamo FC,2020,reddit,1,Fan Discourse & Community
Houston Dynamo FC,2021,press,2,Playoffs & Coaching Decisions
Houston Dynamo FC,2021,reddit,1,Fan Discourse & Community
Houston Dynamo FC,2022,press,2,Playoffs & Coaching Decisions
Houston Dynamo FC,2022,reddit,2,Playoffs & Coaching Decisions
Houston Dynamo FC,2023,press,2,Playoffs & Coaching Decisions
Houston Dynamo FC,2023,reddit,1,Fan Discourse & Community
Houston Dynamo FC,2024,press,2,Playoffs & Coaching Decisions
Houston Dynamo FC,2024,reddit,1,Fan Discourse & Community
Inter Miami CF,2018,press,3,International & National Team
Inter Miami CF,2018,reddit,1,Fan Discourse & Community
Inter Miami CF,2019,press,0,League Governance & Ownership
Inter Miami CF,2019,reddit,1,Fan Discourse & Community
Inter Miami CF,2020,press,0,League Governance & Ownership
Inter Miami CF,2020,reddit,1,Fan Discourse & Community
Inter Miami CF,2021,press,2,Playoffs & Coaching Decisions
Inter Miami CF,2021,reddit,1,Fan Discourse & Community
Inter Miami CF,2022,press,4,Transfers & DP Signings
Inter Miami CF,2022,reddit,1,Fan Discourse & Community
Inter Miami CF,2023,press,2,Playoffs & Coaching Decisions
Inter Miami CF,2023,reddit,1,Fan Discourse & Community
Inter Miami CF,2024,press,2,Playoffs & Coaching Decisions
Inter Miami CF,2024,reddit,1,Fan Discourse & Community
LA Galaxy,2018,press,2,Playoffs & Coaching Decisions
LA Galaxy,2018,reddit,1,Fan Discourse & Community
LA Galaxy,2019,press,2,Playoffs & Coaching Decisions
LA Galaxy,2019,reddit,1,Fan Discourse & Community
LA Galaxy,2020,press,2,Playoffs & Coaching Decisions
LA Galaxy,2020,reddit,1,Fan Discourse & Community
LA Galaxy,2021,press,2,Playoffs & Coaching Decisions
LA Galaxy,2021,reddit,1,Fan Discourse & Community
LA Galaxy,2022,press,2,Playoffs & Coaching Decisions
LA Galaxy,2022,reddit,1,Fan Discourse & Community
LA Galaxy,2023,press,2,Playoffs & Coaching Decisions
LA Galaxy,2023,reddit,1,Fan Discourse & Community
LA Galaxy,2024,press,2,Playoffs & Coaching Decisions
LA Galaxy,2024,reddit,1,Fan Discourse & Community
LAFC,2018,press,2,Playoffs & Coaching Decisions
LAFC,2018,reddit,1,Fan Discourse & Community
LAFC,2019,press,2,Playoffs & Coaching Decisions
LAFC,2019,reddit,1,Fan Discourse & Community
LAFC,2020,press,2,Playoffs & Coaching Decisions
LAFC,2020,reddit,1,Fan Discourse & Community
LAFC,2021,press,2,Playoffs & Coaching Decisions
LAFC,2021,reddit,1,Fan Discourse & Community
LAFC,2022,press,2,Playoffs & Coaching Decisions
LAFC,2022,reddit,1,Fan Discourse & Community
LAFC,2023,press,2,Playoffs & Coaching Decisions
LAFC,2023,reddit,1,Fan Discourse & Community
LAFC,2024,press,2,Playoffs & Coaching Decisions
LAFC,2024,reddit,1,Fan Discourse & Community
Minnesota United FC,2018,press,3,International & National Team
Minnesota United FC,2018,reddit,1,Fan Discourse & Community
Minnesota United FC,2019,press,2,Playoffs & Coaching Decisions
Minnesota United FC,2019,reddit,1,Fan Discourse & Community
Minnesota United FC,2020,press,2,Playoffs & Coaching Decisions
Minnesota United FC,2020,reddit,1,Fan Discourse & Community
Minnesota United FC,2021,press,2,Playoffs & Coaching Decisions
Minnesota United FC,2021,reddit,1,Fan Discourse & Community
Minnesota United FC,2022,press,2,Playoffs & Coaching Decisions
Minnesota United FC,2022,reddit,2,Playoffs & Coaching Decisions
Minnesota United FC,2023,press,2,Playoffs & Coaching Decisions
Minnesota United FC,2023,reddit,2,Playoffs & Coaching Decisions
Minnesota United FC,2024,press,2,Playoffs & Coaching Decisions
Minnesota United FC,2024,reddit,1,Fan Discourse & Community
Nashville SC,2018,press,0,League Governance & Ownership
Nashville SC,2018,reddit,5,"Stadium, Tickets & Broadcast"
Nashville SC,2019,press,0,League Governance & Ownership
Nashville SC,2019,reddit,1,Fan Discourse & Community
Nashville SC,2020,press,0,League Governance & Ownership
Nashville SC,2020,reddit,1,Fan Discourse & Community
Nashville SC,2021,press,2,Playoffs & Coaching Decisions
Nashville SC,2021,reddit,1,Fan Discourse & Community
Nashville SC,2022,press,2,Playoffs & Coaching Decisions
Nashville SC,2022,reddit,1,Fan Discourse & Community
Nashville SC,2023,press,2,Playoffs & Coaching Decisions
Nashville SC,2023,reddit,1,Fan Discourse & Community
Nashville SC,2024,press,2,Playoffs & Coaching Decisions
Nashville SC,2024,reddit,1,Fan Discourse & Community
New England Revolution,2018,press,2,Playoffs & Coaching Decisions
New England Revolution,2018,reddit,1,Fan Discourse & Community
New England Revolution,2019,press,2,Playoffs & Coaching Decisions
New England Revolution,2019,reddit,1,Fan Discourse & Community
New England Revolution,2020,press,2,Playoffs & Coaching Decisions
New England Revolution,2020,reddit,1,Fan Discourse & Community
New England Revolution,2021,press,2,Playoffs & Coaching Decisions
New England Revolution,2021,reddit,1,Fan Discourse & Community
New England Revolution,2022,press,2,Playoffs & Coaching Decisions
New England Revolution,2022,reddit,1,Fan Discourse & Community
New England Revolution,2023,press,2,Playoffs & Coaching Decisions
New England Revolution,2023,reddit,1,Fan Discourse & Community
New England Revolution,2024,press,2,Playoffs & Coaching Decisions
New England Revolution,2024,reddit,1,Fan Discourse & Community
New York City FC,2018,press,2,Playoffs & Coaching Decisions
New York City FC,2018,reddit,1,Fan Discourse & Community
New York City FC,2019,press,2,Playoffs & Coaching Decisions
New York City FC,2019,reddit,2,Playoffs & Coaching Decisions
New York City FC,2020,press,2,Playoffs & Coaching Decisions
New York City FC,2020,reddit,1,Fan Discourse & Community
New York City FC,2021,press,2,Playoffs & Coaching Decisions
New York City FC,2021,reddit,1,Fan Discourse & Community
New York City FC,2022,press,2,Playoffs & Coaching Decisions
New York City FC,2022,reddit,1,Fan Discourse & Community
New York City FC,2023,press,2,Playoffs & Coaching Decisions
New York City FC,2023,reddit,1,Fan Discourse & Community
New York City FC,2024,press,2,Playoffs & Coaching Decisions
New York City FC,2024,reddit,1,Fan Discourse & Community
New York Red Bulls,2018,press,2,Playoffs & Coaching Decisions
New York Red Bulls,2018,reddit,2,Playoffs & Coaching Decisions
New York Red Bulls,2019,press,2,Playoffs & Coaching Decisions
New York Red Bulls,2019,reddit,1,Fan Discourse & Community
New York Red Bulls,2020,press,2,Playoffs & Coaching Decisions
New York Red Bulls,2020,reddit,2,Playoffs & Coaching Decisions
New York Red Bulls,2021,press,2,Playoffs & Coaching Decisions
New York Red Bulls,2021,reddit,2,Playoffs & Coaching Decisions
New York Red Bulls,2022,press,2,Playoffs & Coaching Decisions
New York Red Bulls,2022,reddit,2,Playoffs & Coaching Decisions
New York Red Bulls,2023,press,2,Playoffs & Coaching Decisions
New York Red Bulls,2023,reddit,1,Fan Discourse & Community
New York Red Bulls,2024,press,2,Playoffs & Coaching Decisions
New York Red Bulls,2024,reddit,1,Fan Discourse & Community
Orlando City SC,2018,press,2,Playoffs & Coaching Decisions
Orlando City SC,2018,reddit,1,Fan Discourse & Community
Orlando City SC,2019,press,2,Playoffs & Coaching Decisions
Orlando City SC,2019,reddit,1,Fan Discourse & Community
Orlando City SC,2020,press,0,League Governance & Ownership
Orlando City SC,2020,reddit,1,Fan Discourse & Community
Orlando City SC,2021,press,2,Playoffs & Coaching Decisions
Orlando City SC,2021,reddit,1,Fan Discourse & Community
Orlando City SC,2022,press,2,Playoffs & Coaching Decisions
Orlando City SC,2022,reddit,1,Fan Discourse & Community
Orlando City SC,2023,press,2,Playoffs & Coaching Decisions
Orlando City SC,2023,reddit,1,Fan Discourse & Community
Orlando City SC,2024,press,2,Playoffs & Coaching Decisions
Orlando City SC,2024,reddit,1,Fan Discourse & Community
Philadelphia Union,2018,press,2,Playoffs & Coaching Decisions
Philadelphia Union,2018,reddit,2,Playoffs & Coaching Decisions
Philadelphia Union,2019,press,2,Playoffs & Coaching Decisions
Philadelphia Union,2019,reddit,1,Fan Discourse & Community
Philadelphia Union,2020,press,0,League Governance & Ownership
Philadelphia Union,2020,reddit,1,Fan Discourse & Community
Philadelphia Union,2021,press,2,Playoffs & Coaching Decisions
Philadelphia Union,2021,reddit,1,Fan Discourse & Community
Philadelphia Union,2022,press,2,Playoffs & Coaching Decisions
Philadelphia Union,2022,reddit,1,Fan Discourse & Community
Philadelphia Union,2023,press,2,Playoffs & Coaching Decisions
Philadelphia Union,2023,reddit,1,Fan Discourse & Community
Philadelphia Union,2024,press,2,Playoffs & Coaching Decisions
Philadelphia Union,2024,reddit,1,Fan Discourse & Community
Portland Timbers,2018,press,2,Playoffs & Coaching Decisions
Portland Timbers,2018,reddit,1,Fan Discourse & Community
Portland Timbers,2019,press,2,Playoffs & Coaching Decisions
Portland Timbers,2019,reddit,1,Fan Discourse & Community
Portland Timbers,2020,press,2,Playoffs & Coaching Decisions
Portland Timbers,2020,reddit,1,Fan Discourse & Community
Portland Timbers,2021,press,2,Playoffs & Coaching Decisions
Portland Timbers,2021,reddit,2,Playoffs & Coaching Decisions
Portland Timbers,2022,press,2,Playoffs & Coaching Decisions
Portland Timbers,2022,reddit,1,Fan Discourse & Community
Portland Timbers,2023,press,2,Playoffs & Coaching Decisions
Portland Timbers,2023,reddit,1,Fan Discourse & Community
Portland Timbers,2024,press,2,Playoffs & Coaching Decisions
Portland Timbers,2024,reddit,1,Fan Discourse & Community
Real Salt Lake,2018,press,2,Playoffs & Coaching Decisions
Real Salt Lake,2018,reddit,2,Playoffs & Coaching Decisions
Real Salt Lake,2019,press,2,Playoffs & Coaching Decisions
Real Salt Lake,2019,reddit,2,Playoffs & Coaching Decisions
Real Salt Lake,2020,press,0,League Governance & Ownership
Real Salt Lake,2020,reddit,0,League Governance & Ownership
Real Salt Lake,2021,press,2,Playoffs & Coaching Decisions
Real Salt Lake,2021,reddit,2,Playoffs & Coaching Decisions
Real Salt Lake,2022,press,2,Playoffs & Coaching Decisions
Real Salt Lake,2022,reddit,1,Fan Discourse & Community
Real Salt Lake,2023,press,2,Playoffs & Coaching Decisions
Real Salt Lake,2023,reddit,1,Fan Discourse & Community
Real Salt Lake,2024,press,2,Playoffs & Coaching Decisions
Real Salt Lake,2024,reddit,1,Fan Discourse & Community
San Jose Earthquakes,2018,press,2,Playoffs & Coaching Decisions
San Jose Earthquakes,2018,reddit,1,Fan Discourse & Community
San Jose Earthquakes,2019,press,2,Playoffs & Coaching Decisions
San Jose Earthquakes,2019,reddit,1,Fan Discourse & Community
San Jose Earthquakes,2020,press,2,Playoffs & Coaching Decisions
San Jose Earthquakes,2020,reddit,1,Fan Discourse & Community
San Jose Earthquakes,2021,press,2,Playoffs & Coaching Decisions
San Jose Earthquakes,2021,reddit,1,Fan Discourse & Community
San Jose Earthquakes,2022,press,2,Playoffs & Coaching Decisions
San Jose Earthquakes,2022,reddit,1,Fan Discourse & Community
San Jose Earthquakes,2023,press,2,Playoffs & Coaching Decisions
San Jose Earthquakes,2023,reddit,1,Fan Discourse & Community
San Jose Earthquakes,2024,press,2,Playoffs & Coaching Decisions
San Jose Earthquakes,2024,reddit,2,Playoffs & Coaching Decisions
Seattle Sounders FC,2018,press,2,Playoffs & Coaching Decisions
Seattle Sounders FC,2018,reddit,1,Fan Discourse & Community
Seattle Sounders FC,2019,press,2,Playoffs & Coaching Decisions
Seattle Sounders FC,2019,reddit,1,Fan Discourse & Community
Seattle Sounders FC,2020,press,2,Playoffs & Coaching Decisions
Seattle Sounders FC,2020,reddit,1,Fan Discourse & Community
Seattle Sounders FC,2021,press,2,Playoffs & Coaching Decisions
Seattle Sounders FC,2021,reddit,2,Playoffs & Coaching Decisions
Seattle Sounders FC,2022,press,2,Playoffs & Coaching Decisions
Seattle Sounders FC,2022,reddit,1,Fan Discourse & Community
Seattle Sounders FC,2023,press,2,Playoffs & Coaching Decisions
Seattle Sounders FC,2023,reddit,1,Fan Discourse & Community
Seattle Sounders FC,2024,press,2,Playoffs & Coaching Decisions
Seattle Sounders FC,2024,reddit,1,Fan Discourse & Community
Sporting Kansas City,2018,press,2,Playoffs & Coaching Decisions
Sporting Kansas City,2018,reddit,2,Playoffs & Coaching Decisions
Sporting Kansas City,2019,press,2,Playoffs & Coaching Decisions
Sporting Kansas City,2019,reddit,1,Fan Discourse & Community
Sporting Kansas City,2020,press,2,Playoffs & Coaching Decisions
Sporting Kansas City,2020,reddit,1,Fan Discourse & Community
Sporting Kansas City,2021,press,2,Playoffs & Coaching Decisions
Sporting Kansas City,2021,reddit,1,Fan Discourse & Community
Sporting Kansas City,2022,press,2,Playoffs & Coaching Decisions
Sporting Kansas City,2022,reddit,1,Fan Discourse & Community
Sporting Kansas City,2023,press,2,Playoffs & Coaching Decisions
Sporting Kansas City,2023,reddit,2,Playoffs & Coaching Decisions
Sporting Kansas City,2024,press,2,Playoffs & Coaching Decisions
Sporting Kansas City,2024,reddit,1,Fan Discourse & Community
St. Louis City SC,2019,press,2,Playoffs & Coaching Decisions
St. Louis City SC,2020,press,0,League Governance & Ownership
St. Louis City SC,2020,reddit,1,Fan Discourse & Community
St. Louis City SC,2021,press,0,League Governance & Ownership
St. Louis City SC,2021,reddit,1,Fan Discourse & Community
St. Louis City SC,2022,press,0,League Governance & Ownership
St. Louis City SC,2022,reddit,1,Fan Discourse & Community
St. Louis City SC,2023,press,2,Playoffs & Coaching Decisions
St. Louis City SC,2023,reddit,1,Fan Discourse & Community
St. Louis City SC,2024,press,2,Playoffs & Coaching Decisions
St. Louis City SC,2024,reddit,1,Fan Discourse & Community
Toronto FC,2018,press,2,Playoffs & Coaching Decisions
Toronto FC,2018,reddit,1,Fan Discourse & Community
Toronto FC,2019,press,2,Playoffs & Coaching Decisions
Toronto FC,2019,reddit,1,Fan Discourse & Community
Toronto FC,2020,press,0,League Governance & Ownership
Toronto FC,2020,reddit,2,Playoffs & Coaching Decisions
Toronto FC,2021,press,2,Playoffs & Coaching Decisions
Toronto FC,2021,reddit,1,Fan Discourse & Community
Toronto FC,2022,press,2,Playoffs & Coaching Decisions
Toronto FC,2022,reddit,1,Fan Discourse & Community
Toronto FC,2023,press,2,Playoffs & Coaching Decisions
Toronto FC,2023,reddit,1,Fan Discourse & Community
Toronto FC,2024,press,2,Playoffs & Coaching Decisions
Toronto FC,2024,reddit,1,Fan Discourse & Community
Vancouver Whitecaps FC,2018,press,2,Playoffs & Coaching Decisions
Vancouver Whitecaps FC,2018,reddit,1,Fan Discourse & Community
Vancouver Whitecaps FC,2019,press,2,Playoffs & Coaching Decisions
Vancouver Whitecaps FC,2019,reddit,4,Transfers & DP Signings
Vancouver Whitecaps FC,2020,press,2,Playoffs & Coaching Decisions
Vancouver Whitecaps FC,2020,reddit,1,Fan Discourse & Community
Vancouver Whitecaps FC,2021,press,2,Playoffs & Coaching Decisions
Vancouver Whitecaps FC,2021,reddit,1,Fan Discourse & Community
Vancouver Whitecaps FC,2022,press,2,Playoffs & Coaching Decisions
Vancouver Whitecaps FC,2022,reddit,1,Fan Discourse & Community
Vancouver Whitecaps FC,2023,press,2,Playoffs & Coaching Decisions
Vancouver Whitecaps FC,2023,reddit,1,Fan Discourse & Community
Vancouver Whitecaps FC,2024,press,2,Playoffs & Coaching Decisions
Vancouver Whitecaps FC,2024,reddit,2,Playoffs & Coaching Decisions
