club,season_year,post_count,avg_sentiment,sentiment_pos_rate,sentiment_neg_rate,sentiment_neu_rate,sentiment_std,avg_score
Atlanta United FC,2018,16,0.6238,0.9375,0.0625,0.0,0.4267,687.06
Atlanta United FC,2019,27,0.5517,0.7407,0.1111,0.1481,0.5082,685.04
Atlanta United FC,2020,14,0.8191,1.0,0.0,0.0,0.1077,718.86
Atlanta United FC,2021,15,0.5505,0.7333,0.2,0.0667,0.5195,480.13
Atlanta United FC,2022,19,0.6176,0.8947,0.0526,0.0526,0.3082,343.0
Atlanta United FC,2023,13,0.824,1.0,0.0,0.0,0.1754,242.0
Atlanta United FC,2024,18,0.5395,0.8333,0.1111,0.0556,0.5544,242.83
Atlanta United FC|CF Montreal,2021,1,0.6808,1.0,0.0,0.0,,436.0
Atlanta United FC|Chicago Fire FC,2019,1,-0.5837,0.0,1.0,0.0,,63.0
Atlanta United FC|Chicago Fire FC,2021,1,0.875,1.0,0.0,0.0,,946.0
Atlanta United FC|Columbus Crew,2023,1,0.6808,1.0,0.0,0.0,,10.0
Atlanta United FC|LA Galaxy,2024,1,0.0,0.0,0.0,1.0,,157.0
Atlanta United FC|LA Galaxy|Houston Dynamo FC,2020,1,0.128,1.0,0.0,0.0,,1348.0
Atlanta United FC|Nashville SC,2024,1,0.9725,1.0,0.0,0.0,,146.0
Atlanta United FC|New York City FC,2021,1,0.9246,1.0,0.0,0.0,,113.0
Atlanta United FC|New York Red Bulls,2020,1,0.6808,1.0,0.0,0.0,,32.0
Atlanta United FC|Orlando City SC,2019,1,0.8689,1.0,0.0,0.0,,760.0
Atlanta United FC|Orlando City SC,2020,1,0.0,0.0,0.0,1.0,,286.0
Atlanta United FC|Orlando City SC,2024,1,0.7762,1.0,0.0,0.0,,347.0
Atlanta United FC|Philadelphia Union,2021,3,0.6175,1.0,0.0,0.0,0.3403,431.67
Atlanta United FC|Portland Timbers,2018,1,0.9708,1.0,0.0,0.0,,3040.0
Atlanta United FC|Portland Timbers|Toronto FC|Philadelphia Union|Columbus Crew,2021,1,0.9015,1.0,0.0,0.0,,1051.0
Atlanta United FC|Real Salt Lake|New England Revolution|New York Red Bulls|Toronto FC,2018,1,-0.6662,0.0,1.0,0.0,,36.0
Atlanta United FC|Seattle Sounders FC,2022,1,0.937,1.0,0.0,0.0,,260.0
Atlanta United FC|Toronto FC,2023,1,-0.894,0.0,1.0,0.0,,503.0
Austin FC,2018,16,-0.0279,0.25,0.1875,0.5625,0.4393,113.31
Austin FC,2019,45,0.1858,0.2889,0.0222,0.6889,0.3827,112.31
Austin FC,2020,27,0.2589,0.3704,0.0741,0.5556,0.4116,90.59
Austin FC,2021,33,0.5001,0.6061,0.0,0.3939,0.4217,212.7
Austin FC,2022,17,0.4491,0.6471,0.1176,0.2353,0.4813,345.0
Austin FC,2023,19,0.1336,0.5263,0.2632,0.2105,0.6526,179.47
Austin FC,2024,28,0.492,0.6071,0.0357,0.3571,0.5011,251.18
Austin FC|Charlotte FC,2020,1,-0.5719,0.0,1.0,0.0,,66.0
Austin FC|Colorado Rapids|Houston Dynamo FC,2022,1,0.9684,1.0,0.0,0.0,,87.0
Austin FC|Columbus Crew,2018,1,0.058,1.0,0.0,0.0,,19.0
Austin FC|Columbus Crew,2020,1,0.0,0.0,0.0,1.0,,203.0
Austin FC|FC Cincinnati,2021,1,0.0,0.0,0.0,1.0,,87.0
Austin FC|FC Dallas,2022,2,-0.2224,0.0,0.5,0.5,0.3146,123.5
Austin FC|FC Dallas,2023,1,-0.25,0.0,1.0,0.0,,31.0
Austin FC|Houston Dynamo FC,2019,1,0.9342,1.0,0.0,0.0,,36.0
Austin FC|Houston Dynamo FC,2024,1,0.0,0.0,0.0,1.0,,125.0
Austin FC|LA Galaxy,2023,1,0.7351,1.0,0.0,0.0,,1.0
Austin FC|LA Galaxy,2024,1,0.5023,1.0,0.0,0.0,,146.0
Austin FC|LAFC,2021,1,0.9581,1.0,0.0,0.0,,84.0
Austin FC|New England Revolution,2021,1,0.765,1.0,0.0,0.0,,68.0
Austin FC|New York City FC,2018,1,-0.4667,0.0,1.0,0.0,,17.0
Austin FC|New York City FC,2020,1,0.0,0.0,0.0,1.0,,81.0
Austin FC|New York City FC|Houston Dynamo FC,2023,1,0.9451,1.0,0.0,0.0,,58.0
Austin FC|Orlando City SC,2018,1,0.0,0.0,0.0,1.0,,63.0
Austin FC|Portland Timbers,2021,1,0.0,0.0,0.0,1.0,,229.0
Austin FC|Seattle Sounders FC,2021,2,0.8926,1.0,0.0,0.0,0.0629,199.0
Austin FC|Seattle Sounders FC|Sporting Kansas City,2021,1,0.9794,1.0,0.0,0.0,,90.0
Austin FC|Sporting Kansas City,2021,2,0.3825,0.5,0.0,0.5,0.5409,91.5
Austin FC|Sporting Kansas City|LA Galaxy|FC Dallas,2023,1,0.874,1.0,0.0,0.0,,67.0
Austin FC|Toronto FC,2023,2,0.3358,0.5,0.0,0.5,0.4749,456.5
CF Montreal,2018,3,0.2709,0.3333,0.0,0.6667,0.4692,658.33
CF Montreal,2019,5,0.2476,0.4,0.2,0.4,0.5885,356.8
CF Montreal,2020,4,0.4656,0.75,0.25,0.0,0.702,45.5
CF Montreal,2021,7,0.1779,0.5714,0.2857,0.1429,0.6233,282.43
CF Montreal,2022,6,0.3207,0.5,0.0,0.5,0.47,342.17
CF Montreal,2023,2,0.2394,0.5,0.0,0.5,0.2995,85.0
CF Montreal,2024,5,0.1957,0.4,0.2,0.4,0.5352,181.4
CF Montreal|Charlotte FC,2021,1,0.0,0.0,0.0,1.0,,21.0
CF Montreal|Colorado Rapids,2019,1,0.8993,1.0,0.0,0.0,,61.0
CF Montreal|New England Revolution|Philadelphia Union|D.C. United,2020,1,-0.5574,0.0,1.0,0.0,,42.0
CF Montreal|San Jose Earthquakes,2019,1,0.1868,1.0,0.0,0.0,,39.0
CF Montreal|Seattle Sounders FC,2020,1,0.0,0.0,0.0,1.0,,93.0
CF Montreal|St. Louis City SC,2022,1,0.9968,1.0,0.0,0.0,,53.0
CF Montreal|Toronto FC,2019,1,0.9731,1.0,0.0,0.0,,46.0
CF Montreal|Toronto FC,2021,1,-0.0258,0.0,0.0,1.0,,86.0
Charlotte FC,2019,2,0.8358,1.0,0.0,0.0,0.1074,510.5
Charlotte FC,2020,11,0.1318,0.1818,0.0,0.8182,0.303,20.18
Charlotte FC,2021,26,0.0916,0.1538,0.0,0.8462,0.2528,64.58
Charlotte FC,2022,29,0.296,0.4138,0.0345,0.5517,0.447,131.34
Charlotte FC,2023,31,0.2035,0.4194,0.1935,0.3871,0.5446,107.16
Charlotte FC,2024,25,0.1969,0.56,0.12,0.32,0.4697,96.64
Charlotte FC|Atlanta United FC,2022,1,0.6808,1.0,0.0,0.0,,64.0
Charlotte FC|Atlanta United FC|LA Galaxy,2021,1,0.9062,1.0,0.0,0.0,,19.0
Charlotte FC|Colorado Rapids,2022,1,0.9042,1.0,0.0,0.0,,74.0
Charlotte FC|Columbus Crew,2021,1,0.0,0.0,0.0,1.0,,18.0
Charlotte FC|Inter Miami CF,2022,1,-0.3595,0.0,1.0,0.0,,71.0
Charlotte FC|Inter Miami CF|CF Montreal|Columbus Crew,2023,1,0.9403,1.0,0.0,0.0,,75.0
Charlotte FC|Nashville SC,2021,1,0.0,0.0,0.0,1.0,,37.0
Charlotte FC|Nashville SC,2023,1,0.8807,1.0,0.0,0.0,,7.0
Charlotte FC|Nashville SC,2024,1,0.9967,1.0,0.0,0.0,,81.0
Charlotte FC|New England Revolution,2022,1,0.5859,1.0,0.0,0.0,,110.0
Charlotte FC|New England Revolution,2023,1,0.0,0.0,0.0,1.0,,78.0
Charlotte FC|New York Red Bulls,2022,1,0.8225,1.0,0.0,0.0,,74.0
Charlotte FC|Orlando City SC,2022,1,0.5859,1.0,0.0,0.0,,115.0
Charlotte FC|Toronto FC,2024,1,-0.7184,0.0,1.0,0.0,,88.0
Chicago Fire FC,2018,18,-0.2811,0.2778,0.7222,0.0,0.5855,60.89
Chicago Fire FC,2019,24,-0.0822,0.5,0.4583,0.0417,0.6325,69.96
Chicago Fire FC,2020,30,-0.2535,0.3333,0.6333,0.0333,0.5658,59.2
Chicago Fire FC,2021,34,-0.2692,0.2647,0.7353,0.0,0.5547,76.26
Chicago Fire FC,2022,33,-0.1114,0.3636,0.6364,0.0,0.6499,166.09
Chicago Fire FC,2023,36,-0.1201,0.3889,0.5556,0.0556,0.638,82.25
Chicago Fire FC,2024,36,-0.2445,0.3056,0.6667,0.0278,0.4964,148.42
Chicago Fire FC|Austin FC,2022,1,-0.5574,0.0,1.0,0.0,,77.0
Chicago Fire FC|Colorado Rapids,2019,1,-0.891,0.0,1.0,0.0,,45.0
Chicago Fire FC|Columbus Crew,2022,1,-0.5859,0.0,1.0,0.0,,163.0
Chicago Fire FC|Inter Miami CF|Houston Dynamo FC,2023,1,-0.5106,0.0,1.0,0.0,,30.0
Chicago Fire FC|Inter Miami CF|New England Revolution|Columbus Crew|Sporting Kansas City|D.C. United|Houston Dynamo FC|Seattle Sounders FC|New York Red Bulls|Charlotte FC|CF Montreal,2023,1,-0.9967,0.0,1.0,0.0,,93.0
Chicago Fire FC|LA Galaxy,2022,1,0.9962,1.0,0.0,0.0,,89.0
Chicago Fire FC|LAFC|New York City FC,2022,1,0.9042,1.0,0.0,0.0,,63.0
Chicago Fire FC|Minnesota United FC,2019,1,0.3818,1.0,0.0,0.0,,58.0
Chicago Fire FC|New England Revolution,2020,1,0.296,1.0,0.0,0.0,,59.0
Chicago Fire FC|New York City FC,2021,1,-0.5859,0.0,1.0,0.0,,47.0
Chicago Fire FC|New York Red Bulls,2023,1,0.296,1.0,0.0,0.0,,92.0
Chicago Fire FC|Orlando City SC,2022,1,0.8807,1.0,0.0,0.0,,70.0
Chicago Fire FC|Philadelphia Union,2022,1,-0.5859,0.0,1.0,0.0,,103.0
Chicago Fire FC|Portland Timbers,2019,1,-0.802,0.0,1.0,0.0,,18.0
Chicago Fire FC|Seattle Sounders FC|FC Cincinnati|Houston Dynamo FC,2021,1,0.9982,1.0,0.0,0.0,,44.0
Chicago Fire FC|Toronto FC,2024,1,-0.5859,0.0,1.0,0.0,,103.0
Chicago Fire FC|Vancouver Whitecaps FC,2019,2,0.0746,0.5,0.5,0.0,0.9341,1937.5
Chicago Fire FC|Vancouver Whitecaps FC,2020,1,0.6014,1.0,0.0,0.0,,35.0
Colorado Rapids,2018,25,0.1918,0.44,0.28,0.28,0.6467,81.16
Colorado Rapids,2019,22,0.3432,0.5455,0.0909,0.3636,0.488,88.68
Colorado Rapids,2020,25,0.2381,0.52,0.16,0.32,0.5503,31.4
Colorado Rapids,2021,34,0.1384,0.2941,0.1176,0.5882,0.51,82.82
Colorado Rapids,2022,22,0.0584,0.3636,0.2727,0.3636,0.5418,118.0
Colorado Rapids,2023,31,0.2323,0.4516,0.0968,0.4516,0.5025,40.9
Colorado Rapids,2024,23,0.43,0.6522,0.0,0.3478,0.4118,57.26
Colorado Rapids|Austin FC,2021,1,0.9734,1.0,0.0,0.0,,196.0
Colorado Rapids|Austin FC,2023,1,0.0,0.0,0.0,1.0,,1.0
Colorado Rapids|CF Montreal,2019,2,0.8546,1.0,0.0,0.0,0.1357,35.5
Colorado Rapids|Chicago Fire FC,2019,1,-0.5859,0.0,1.0,0.0,,109.0
Colorado Rapids|Chicago Fire FC,2023,1,-0.5859,0.0,1.0,0.0,,28.0
Colorado Rapids|Columbus Crew,2019,1,0.296,1.0,0.0,0.0,,47.0
Colorado Rapids|Columbus Crew,2022,1,0.2023,1.0,0.0,0.0,,43.0
Colorado Rapids|FC Cincinnati,2022,2,0.1012,0.5,0.0,0.5,0.143,33.0
Colorado Rapids|FC Cincinnati,2024,1,0.0,0.0,0.0,1.0,,45.0
Colorado Rapids|FC Cincinnati|LA Galaxy|Austin FC,2024,1,0.2677,1.0,0.0,0.0,,39.0
Colorado Rapids|FC Dallas,2021,1,0.0,0.0,0.0,1.0,,33.0
Colorado Rapids|FC Dallas,2023,1,0.6289,1.0,0.0,0.0,,36.0
Colorado Rapids|Houston Dynamo FC,2020,1,0.8225,1.0,0.0,0.0,,31.0
Colorado Rapids|Houston Dynamo FC,2021,1,0.0,0.0,0.0,1.0,,52.0
Colorado Rapids|LA Galaxy,2020,1,-0.8402,0.0,1.0,0.0,,28.0
Colorado Rapids|LA Galaxy,2021,1,0.0,0.0,0.0,1.0,,63.0
Colorado Rapids|LA Galaxy,2022,3,0.3056,0.3333,0.0,0.6667,0.5294,65.33
Colorado Rapids|Minnesota United FC,2021,2,0.6808,1.0,0.0,0.0,0.0,38.0
Colorado Rapids|Minnesota United FC|LAFC,2022,1,-0.9359,0.0,1.0,0.0,,46.0
Colorado Rapids|New York City FC,2018,1,0.9514,1.0,0.0,0.0,,35.0
Colorado Rapids|New York Red Bulls,2023,1,0.8225,1.0,0.0,0.0,,29.0
Colorado Rapids|Orlando City SC,2018,1,0.9977,1.0,0.0,0.0,,51.0
Colorado Rapids|Orlando City SC,2020,1,0.0,0.0,0.0,1.0,,15.0
Colorado Rapids|Philadelphia Union,2019,1,0.802,1.0,0.0,0.0,,32.0
Colorado Rapids|Philadelphia Union,2023,1,-0.3005,0.0,1.0,0.0,,41.0
Colorado Rapids|Portland Timbers,2019,2,0.0,0.0,0.0,1.0,0.0,836.5
Colorado Rapids|Portland Timbers,2021,1,0.0,0.0,0.0,1.0,,38.0
Colorado Rapids|Portland Timbers,2022,1,0.8379,1.0,0.0,0.0,,62.0
Colorado Rapids|Real Salt Lake,2022,1,0.0,0.0,0.0,1.0,,698.0
Colorado Rapids|Real Salt Lake,2024,1,0.0,0.0,0.0,1.0,,31.0
Colorado Rapids|San Jose Earthquakes,2020,1,0.0,0.0,0.0,1.0,,29.0
Colorado Rapids|San Jose Earthquakes,2022,1,0.594,1.0,0.0,0.0,,38.0
Colorado Rapids|San Jose Earthquakes,2024,1,0.0,0.0,0.0,1.0,,63.0
Colorado Rapids|St. Louis City SC,2024,1,0.5538,1.0,0.0,0.0,,54.0
Colorado Rapids|Toronto FC,2024,1,0.0,0.0,0.0,1.0,,62.0
Colorado Rapids|Vancouver Whitecaps FC,2018,1,0.9675,1.0,0.0,0.0,,57.0
Columbus Crew,2018,27,0.2804,0.4444,0.0741,0.4815,0.4011,378.3
Columbus Crew,2019,37,0.2943,0.4865,0.1081,0.4054,0.5218,276.22
Columbus Crew,2020,41,0.366,0.5366,0.0976,0.3659,0.5225,233.59
Columbus Crew,2021,34,0.4027,0.5588,0.0882,0.3529,0.5522,303.29
Columbus Crew,2022,28,0.1311,0.3214,0.25,0.4286,0.5746,197.64
Columbus Crew,2023,40,0.4366,0.65,0.075,0.275,0.4941,296.1
Columbus Crew,2024,47,0.447,0.6383,0.0638,0.2979,0.5014,374.74
Columbus Crew|Atlanta United FC,2019,1,0.6808,1.0,0.0,0.0,,130.0
Columbus Crew|Atlanta United FC,2024,1,0.4871,1.0,0.0,0.0,,178.0
Columbus Crew|Atlanta United FC|Chicago Fire FC|Toronto FC|CF Montreal,2019,1,0.9764,1.0,0.0,0.0,,15.0
Columbus Crew|Atlanta United FC|New York Red Bulls|FC Cincinnati,2020,1,0.8555,1.0,0.0,0.0,,89.0
Columbus Crew|Austin FC,2018,1,0.7111,1.0,0.0,0.0,,88.0
Columbus Crew|Austin FC,2019,2,0.8923,1.0,0.0,0.0,0.0987,96.0
Columbus Crew|Austin FC,2024,2,0.4952,0.5,0.0,0.5,0.7002,671.0
Columbus Crew|Austin FC|San Jose Earthquakes,2018,1,0.9655,1.0,0.0,0.0,,1030.0
Columbus Crew|CF Montreal,2020,1,-0.6369,0.0,1.0,0.0,,100.0
Columbus Crew|Charlotte FC,2022,1,0.0,0.0,0.0,1.0,,324.0
Columbus Crew|Charlotte FC|FC Cincinnati,2024,1,0.0,0.0,0.0,1.0,,77.0
Columbus Crew|Charlotte FC|New England Revolution|New York Red Bulls|Orlando City SC|Inter Miami CF|Toronto FC|CF Montreal,2022,1,0.8905,1.0,0.0,0.0,,44.0
Columbus Crew|Chicago Fire FC,2021,2,-0.694,0.0,1.0,0.0,0.1528,765.5
Columbus Crew|Chicago Fire FC,2022,1,0.5707,1.0,0.0,0.0,,166.0
Columbus Crew|Colorado Rapids,2019,1,0.0,0.0,0.0,1.0,,44.0
Columbus Crew|D.C. United,2019,1,-0.1531,0.0,1.0,0.0,,105.0
Columbus Crew|FC Cincinnati,2021,1,0.0,0.0,0.0,1.0,,708.0
Columbus Crew|FC Cincinnati,2023,4,0.4526,0.5,0.0,0.5,0.5235,288.0
Columbus Crew|Houston Dynamo FC|Austin FC,2018,1,0.8934,1.0,0.0,0.0,,32.0
Columbus Crew|Inter Miami CF,2018,1,0.0,0.0,0.0,1.0,,22.0
Columbus Crew|Inter Miami CF,2023,1,-0.4215,0.0,1.0,0.0,,152.0
Columbus Crew|LA Galaxy,2023,1,0.7296,1.0,0.0,0.0,,49.0
Columbus Crew|LAFC,2023,1,0.9971,1.0,0.0,0.0,,133.0
Columbus Crew|Minnesota United FC,2019,1,0.9959,1.0,0.0,0.0,,199.0
Columbus Crew|Nashville SC,2020,1,0.0,0.0,0.0,1.0,,162.0
Columbus Crew|New England Revolution,2018,1,0.7896,1.0,0.0,0.0,,42.0
Columbus Crew|New England Revolution,2019,1,0.8769,1.0,0.0,0.0,,1352.0
Columbus Crew|New England Revolution,2020,1,0.7227,1.0,0.0,0.0,,969.0
Columbus Crew|New York City FC,2020,1,0.0,0.0,0.0,1.0,,159.0
Columbus Crew|New York City FC,2023,1,0.0,0.0,0.0,1.0,,545.0
Columbus Crew|New York City FC,2024,2,0.7015,1.0,0.0,0.0,0.2809,524.0
Columbus Crew|New York Red Bulls,2022,1,0.0,0.0,0.0,1.0,,185.0
Columbus Crew|Orlando City SC,2018,1,-0.9001,0.0,1.0,0.0,,77.0
Columbus Crew|Orlando City SC,2022,1,0.8481,1.0,0.0,0.0,,86.0
Columbus Crew|Portland Timbers,2018,1,0.9973,1.0,0.0,0.0,,55.0
Columbus Crew|Portland Timbers,2022,1,0.9545,1.0,0.0,0.0,,194.0
Columbus Crew|Seattle Sounders FC|D.C. United,2021,1,0.0,0.0,0.0,1.0,,140.0
Columbus Crew|Seattle Sounders FC|Toronto FC|Portland Timbers,2020,1,0.9817,1.0,0.0,0.0,,2845.0
Columbus Crew|Toronto FC,2022,1,0.8385,1.0,0.0,0.0,,80.0
Columbus Crew|Vancouver Whitecaps FC|Portland Timbers|Seattle Sounders FC,2023,1,0.9625,1.0,0.0,0.0,,20.0
D.C. United,2018,24,0.6663,0.875,0.0417,0.0833,0.3539,382.04
D.C. United,2019,18,0.5802,0.8889,0.0556,0.0556,0.3583,82.56
D.C. United,2020,44,0.5619,0.7727,0.0455,0.1818,0.4123,124.7
D.C. United,2021,26,0.6978,0.9231,0.0,0.0769,0.2455,69.31
D.C. United,2022,31,0.5967,0.8065,0.129,0.0645,0.4702,135.35
D.C. United,2023,25,0.6351,0.88,0.08,0.04,0.3316,94.24
D.C. United,2024,20,0.5262,0.7,0.05,0.25,0.4695,96.7
D.C. United|Atlanta United FC,2021,2,0.9392,1.0,0.0,0.0,0.0827,337.5
D.C. United|Austin FC,2022,1,0.1027,1.0,0.0,0.0,,731.0
D.C. United|CF Montreal,2023,1,0.886,1.0,0.0,0.0,,75.0
D.C. United|CF Montreal|Colorado Rapids|Seattle Sounders FC,2018,1,0.922,1.0,0.0,0.0,,9.0
D.C. United|Charlotte FC,2019,1,-0.8689,0.0,1.0,0.0,,90.0
D.C. United|Chicago Fire FC,2020,1,0.9851,1.0,0.0,0.0,,61.0
D.C. United|Chicago Fire FC,2023,1,0.9837,1.0,0.0,0.0,,81.0
D.C. United|Colorado Rapids,2018,1,0.6808,1.0,0.0,0.0,,80.0
D.C. United|Colorado Rapids,2020,1,0.8823,1.0,0.0,0.0,,31.0
D.C. United|Columbus Crew,2022,1,0.93,1.0,0.0,0.0,,97.0
D.C. United|Columbus Crew|New York City FC|Philadelphia Union|Toronto FC|CF Montreal|FC Dallas|Minnesota United FC,2024,1,0.9981,1.0,0.0,0.0,,91.0
D.C. United|Columbus Crew|Sporting Kansas City,2019,1,0.9895,1.0,0.0,0.0,,74.0
D.C. United|FC Cincinnati,2022,1,0.8126,1.0,0.0,0.0,,73.0
D.C. United|FC Dallas,2024,1,0.782,1.0,0.0,0.0,,478.0
D.C. United|Houston Dynamo FC,2021,1,0.9255,1.0,0.0,0.0,,91.0
D.C. United|Inter Miami CF,2020,1,0.6808,1.0,0.0,0.0,,112.0
D.C. United|Inter Miami CF,2021,1,0.6808,1.0,0.0,0.0,,45.0
D.C. United|LA Galaxy,2021,1,0.8301,1.0,0.0,0.0,,30.0
D.C. United|Minnesota United FC,2024,1,0.8807,1.0,0.0,0.0,,3040.0
D.C. United|Nashville SC,2020,1,0.6808,1.0,0.0,0.0,,79.0
D.C. United|Nashville SC,2023,1,0.6808,1.0,0.0,0.0,,103.0
D.C. United|Nashville SC,2024,2,0.8372,1.0,0.0,0.0,0.2212,78.0
D.C. United|New York City FC,2018,1,0.9861,1.0,0.0,0.0,,79.0
D.C. United|New York City FC,2021,1,0.93,1.0,0.0,0.0,,60.0
D.C. United|New York Red Bulls,2023,1,0.9432,1.0,0.0,0.0,,19.0
D.C. United|New York Red Bulls,2024,1,0.6808,1.0,0.0,0.0,,43.0
D.C. United|New York Red Bulls|New York City FC,2020,1,0.98,1.0,0.0,0.0,,72.0
D.C. United|Orlando City SC,2018,1,0.3818,1.0,0.0,0.0,,5116.0
D.C. United|Orlando City SC,2019,1,0.9899,1.0,0.0,0.0,,72.0
D.C. United|Orlando City SC,2024,2,0.723,1.0,0.0,0.0,0.2811,63.0
D.C. United|Orlando City SC|LA Galaxy|CF Montreal,2023,1,0.9684,1.0,0.0,0.0,,81.0
D.C. United|Philadelphia Union,2023,1,0.6808,1.0,0.0,0.0,,122.0
D.C. United|Real Salt Lake,2022,2,0.6808,1.0,0.0,0.0,0.0,48.0
D.C. United|Real Salt Lake|Colorado Rapids|Toronto FC,2018,1,0.9982,1.0,0.0,0.0,,85.0
D.C. United|San Jose Earthquakes,2018,1,0.6808,1.0,0.0,0.0,,55.0
D.C. United|San Jose Earthquakes,2024,1,-0.9593,0.0,1.0,0.0,,70.0
D.C. United|Seattle Sounders FC,2022,1,0.916,1.0,0.0,0.0,,91.0
D.C. United|Toronto FC,2020,1,0.8555,1.0,0.0,0.0,,426.0
D.C. United|Toronto FC,2023,3,0.803,1.0,0.0,0.0,0.2397,163.67
D.C. United|Toronto FC|FC Cincinnati,2021,1,0.2314,1.0,0.0,0.0,,23.0
FC Cincinnati,2018,19,0.3501,0.4211,0.0526,0.5263,0.475,208.16
FC Cincinnati,2019,27,0.2046,0.3333,0.037,0.6296,0.4063,407.07
FC Cincinnati,2020,15,0.1384,0.3333,0.0667,0.6,0.408,279.8
FC Cincinnati,2021,26,0.3581,0.5385,0.0385,0.4231,0.4072,297.65
FC Cincinnati,2022,25,0.2734,0.4,0.04,0.56,0.4412,199.04
FC Cincinnati,2023,18,0.3423,0.6667,0.1111,0.2222,0.496,110.22
FC Cincinnati,2024,29,0.2135,0.3793,0.1379,0.4828,0.5064,194.14
FC Cincinnati|Atlanta United FC,2019,1,0.93,1.0,0.0,0.0,,1013.0
FC Cincinnati|Atlanta United FC,2021,1,0.296,1.0,0.0,0.0,,110.0
FC Cincinnati|Atlanta United FC|D.C. United,2021,1,0.9936,1.0,0.0,0.0,,62.0
FC Cincinnati|Charlotte FC,2023,1,0.9325,1.0,0.0,0.0,,400.0
FC Cincinnati|Charlotte FC,2024,1,0.9899,1.0,0.0,0.0,,115.0
FC Cincinnati|Columbus Crew,2019,2,-0.4404,0.0,0.5,0.5,0.6227,738.5
FC Cincinnati|Columbus Crew,2022,2,0.4063,0.5,0.0,0.5,0.5746,262.5
FC Cincinnati|Columbus Crew,2024,1,0.0,0.0,0.0,1.0,,890.0
FC Cincinnati|Columbus Crew|New York Red Bulls,2018,1,0.6597,1.0,0.0,0.0,,120.0
FC Cincinnati|FC Dallas,2019,1,0.9836,1.0,0.0,0.0,,115.0
FC Cincinnati|Houston Dynamo FC,2024,1,0.9821,1.0,0.0,0.0,,40.0
FC Cincinnati|Inter Miami CF,2023,1,0.0,0.0,0.0,1.0,,182.0
FC Cincinnati|Inter Miami CF,2024,2,0.4513,1.0,0.0,0.0,0.3521,820.5
FC Cincinnati|Nashville SC,2018,1,0.0,0.0,0.0,1.0,,82.0
FC Cincinnati|Nashville SC,2021,1,0.0,0.0,0.0,1.0,,127.0
FC Cincinnati|Nashville SC,2023,1,0.0,0.0,0.0,1.0,,50.0
FC Cincinnati|New England Revolution,2024,1,0.8402,1.0,0.0,0.0,,59.0
FC Cincinnati|Orlando City SC,2020,1,0.802,1.0,0.0,0.0,,95.0
FC Cincinnati|Orlando City SC,2021,1,0.9839,1.0,0.0,0.0,,61.0
FC Cincinnati|Portland Timbers,2019,1,0.0,0.0,0.0,1.0,,237.0
FC Cincinnati|San Jose Earthquakes,2022,1,0.5859,1.0,0.0,0.0,,1215.0
FC Cincinnati|Seattle Sounders FC,2019,1,0.9423,1.0,0.0,0.0,,235.0
FC Cincinnati|Sporting Kansas City|Austin FC,2022,1,0.4939,1.0,0.0,0.0,,71.0
FC Cincinnati|Toronto FC,2021,1,0.0,0.0,0.0,1.0,,1219.0
FC Dallas,2018,23,0.1877,0.4348,0.1304,0.4348,0.4487,130.26
FC Dallas,2019,25,0.3635,0.52,0.04,0.44,0.4658,108.28
FC Dallas,2020,33,0.2455,0.4545,0.1212,0.4242,0.4887,113.91
FC Dallas,2021,26,0.279,0.5385,0.1154,0.3462,0.5196,79.5
FC Dallas,2022,32,0.2228,0.4688,0.0938,0.4375,0.4565,93.22
FC Dallas,2023,22,0.4563,0.6818,0.0909,0.2273,0.5739,68.41
FC Dallas,2024,25,0.3322,0.6,0.08,0.32,0.4819,77.4
FC Dallas|Atlanta United FC,2023,1,0.9773,1.0,0.0,0.0,,1.0
FC Dallas|Austin FC,2022,1,0.7845,1.0,0.0,0.0,,37.0
FC Dallas|Austin FC,2023,2,-0.0274,0.0,0.5,0.5,0.0388,20.0
FC Dallas|Austin FC,2024,1,0.2023,1.0,0.0,0.0,,100.0
FC Dallas|CF Montreal,2020,1,0.9722,1.0,0.0,0.0,,48.0
FC Dallas|Colorado Rapids,2020,1,0.2023,1.0,0.0,0.0,,43.0
FC Dallas|Colorado Rapids,2023,2,-0.4478,0.0,0.5,0.5,0.6334,16.0
FC Dallas|D.C. United,2020,1,0.0,0.0,0.0,1.0,,26.0
FC Dallas|D.C. United,2022,1,0.9812,1.0,0.0,0.0,,79.0
FC Dallas|Houston Dynamo FC|Austin FC,2018,1,0.9439,1.0,0.0,0.0,,20.0
FC Dallas|Houston Dynamo FC|Austin FC,2023,1,0.0,0.0,0.0,1.0,,26.0
FC Dallas|Houston Dynamo FC|New York Red Bulls|LAFC|San Jose Earthquakes|Vancouver Whitecaps FC|Austin FC,2021,1,0.9709,1.0,0.0,0.0,,53.0
FC Dallas|Inter Miami CF,2022,1,0.0,0.0,0.0,1.0,,43.0
FC Dallas|Inter Miami CF,2023,1,0.0,0.0,0.0,1.0,,198.0
FC Dallas|LA Galaxy,2018,2,0.3298,0.5,0.0,0.5,0.4665,38.0
FC Dallas|LA Galaxy,2023,2,0.201,0.5,0.0,0.5,0.2842,23.5
FC Dallas|LAFC|Real Salt Lake|D.C. United|Colorado Rapids|LA Galaxy,2023,1,0.9468,1.0,0.0,0.0,,25.0
FC Dallas|Minnesota United FC,2019,1,0.0,0.0,0.0,1.0,,56.0
FC Dallas|Nashville SC,2022,1,-0.7184,0.0,1.0,0.0,,33.0
FC Dallas|Nashville SC,2024,1,0.2023,1.0,0.0,0.0,,46.0
FC Dallas|New York Red Bulls,2019,2,0.4966,0.5,0.0,0.5,0.7023,45.0
FC Dallas|San Jose Earthquakes,2019,1,0.9856,1.0,0.0,0.0,,46.0
FC Dallas|San Jose Earthquakes|Colorado Rapids,2023,1,0.5749,1.0,0.0,0.0,,1.0
FC Dallas|Sporting Kansas City,2020,1,0.8216,1.0,0.0,0.0,,75.0
FC Dallas|Sporting Kansas City,2021,1,0.0,0.0,0.0,1.0,,89.0
FC Dallas|Sporting Kansas City,2022,1,0.5859,1.0,0.0,0.0,,19.0
FC Dallas|Toronto FC,2018,1,0.0,0.0,0.0,1.0,,35.0
FC Dallas|Toronto FC,2021,2,0.8126,1.0,0.0,0.0,0.0,465.5
FC Dallas|Vancouver Whitecaps FC,2019,1,-0.5719,0.0,1.0,0.0,,28.0
Houston Dynamo FC,2018,22,0.3119,0.5,0.1818,0.3182,0.5771,49.36
Houston Dynamo FC,2019,26,0.2377,0.3846,0.0769,0.5385,0.4926,61.0
Houston Dynamo FC,2020,27,0.31,0.4074,0.037,0.5556,0.4306,84.37
Houston Dynamo FC,2021,39,0.2424,0.3333,0.0513,0.6154,0.4563,86.46
Houston Dynamo FC,2022,35,0.2683,0.4,0.0571,0.5429,0.4582,108.34
Houston Dynamo FC,2023,29,0.3746,0.6897,0.1724,0.1379,0.5667,60.21
Houston Dynamo FC,2024,30,0.2255,0.4667,0.1333,0.4,0.4734,99.07
Houston Dynamo FC|Atlanta United FC,2019,1,-0.8579,0.0,1.0,0.0,,89.0
Houston Dynamo FC|Austin FC,2018,1,-0.5815,0.0,1.0,0.0,,33.0
Houston Dynamo FC|Austin FC,2021,1,0.6124,1.0,0.0,0.0,,41.0
Houston Dynamo FC|Austin FC,2022,2,0.4866,0.5,0.0,0.5,0.6881,61.5
Houston Dynamo FC|Austin FC,2024,2,0.4863,0.5,0.0,0.5,0.6877,68.0
Houston Dynamo FC|Austin FC|FC Dallas|Colorado Rapids|Sporting Kansas City|Atlanta United FC,2020,1,0.9954,1.0,0.0,0.0,,41.0
Houston Dynamo FC|CF Montreal,2019,1,0.0,0.0,0.0,1.0,,71.0
Houston Dynamo FC|Charlotte FC,2024,1,0.0,0.0,0.0,1.0,,51.0
Houston Dynamo FC|Chicago Fire FC|LA Galaxy,2018,1,0.9965,1.0,0.0,0.0,,66.0
Houston Dynamo FC|Colorado Rapids,2022,1,0.0,0.0,0.0,1.0,,43.0
Houston Dynamo FC|Colorado Rapids|FC Dallas,2023,1,0.0,0.0,0.0,1.0,,6.0
Houston Dynamo FC|D.C. United,2022,1,0.6808,1.0,0.0,0.0,,72.0
Houston Dynamo FC|FC Dallas,2018,1,0.0,0.0,0.0,1.0,,62.0
Houston Dynamo FC|FC Dallas,2019,1,0.2732,1.0,0.0,0.0,,51.0
Houston Dynamo FC|FC Dallas,2021,1,0.0,0.0,0.0,1.0,,42.0
Houston Dynamo FC|FC Dallas,2022,1,0.0,0.0,0.0,1.0,,56.0
Houston Dynamo FC|FC Dallas,2023,1,0.5893,1.0,0.0,0.0,,50.0
Houston Dynamo FC|FC Dallas,2024,1,0.0,0.0,0.0,1.0,,32.0
Houston Dynamo FC|Inter Miami CF,2023,1,0.0,0.0,0.0,1.0,,56.0
Houston Dynamo FC|LA Galaxy,2024,1,0.0,0.0,0.0,1.0,,226.0
Houston Dynamo FC|LAFC,2018,1,-0.4215,0.0,1.0,0.0,,1255.0
Houston Dynamo FC|LAFC|Seattle Sounders FC,2023,1,0.5859,1.0,0.0,0.0,,257.0
Houston Dynamo FC|Minnesota United FC,2019,2,0.8276,1.0,0.0,0.0,0.2076,54.0
Houston Dynamo FC|Minnesota United FC|Seattle Sounders FC,2018,1,-0.8996,0.0,1.0,0.0,,71.0
Houston Dynamo FC|New England Revolution,2020,1,0.0,0.0,0.0,1.0,,56.0
Houston Dynamo FC|New England Revolution,2024,2,0.0,0.0,0.0,1.0,0.0,115.0
Houston Dynamo FC|New York City FC,2018,1,0.0,0.0,0.0,1.0,,47.0
Houston Dynamo FC|New York City FC|San Jose Earthquakes|New England Revolution,2023,1,0.9826,1.0,0.0,0.0,,62.0
Houston Dynamo FC|New York Red Bulls,2018,1,0.7503,1.0,0.0,0.0,,75.0
Houston Dynamo FC|Real Salt Lake,2023,1,0.0,0.0,0.0,1.0,,54.0
Houston Dynamo FC|Real Salt Lake,2024,1,0.0,0.0,0.0,1.0,,54.0
Houston Dynamo FC|San Jose Earthquakes,2022,1,0.0,0.0,0.0,1.0,,41.0
Houston Dynamo FC|Sporting Kansas City,2018,1,0.0,0.0,0.0,1.0,,44.0
Houston Dynamo FC|Sporting Kansas City,2020,1,0.8225,1.0,0.0,0.0,,133.0
Houston Dynamo FC|Sporting Kansas City,2022,1,0.0,0.0,0.0,1.0,,97.0
Houston Dynamo FC|Sporting Kansas City,2023,2,0.1994,0.5,0.0,0.5,0.2819,118.0
Houston Dynamo FC|Toronto FC,2021,1,-0.9887,0.0,1.0,0.0,,63.0
Houston Dynamo FC|Vancouver Whitecaps FC,2024,2,-0.359,0.0,0.5,0.5,0.5078,73.0
Inter Miami CF,2018,23,0.3438,0.4783,0.0435,0.4783,0.4533,122.0
Inter Miami CF,2019,41,0.3338,0.439,0.0244,0.5366,0.4249,63.78
Inter Miami CF,2020,34,0.252,0.4118,0.0882,0.5,0.4898,179.68
Inter Miami CF,2021,31,0.1073,0.3548,0.129,0.5161,0.4081,149.9
Inter Miami CF,2022,25,0.1178,0.36,0.24,0.4,0.6039,170.36
Inter Miami CF,2023,48,0.1054,0.375,0.2708,0.3542,0.5948,398.08
Inter Miami CF,2024,41,0.1831,0.4146,0.1463,0.439,0.4545,441.46
Inter Miami CF|Atlanta United FC,2020,1,0.5859,1.0,0.0,0.0,,59.0
Inter Miami CF|Atlanta United FC,2021,1,0.6808,1.0,0.0,0.0,,427.0
Inter Miami CF|Atlanta United FC,2023,2,0.7772,1.0,0.0,0.0,0.1364,477.0
Inter Miami CF|Atlanta United FC,2024,2,-0.0844,0.5,0.5,0.0,0.3125,1642.5
Inter Miami CF|CF Montreal,2023,1,0.8408,1.0,0.0,0.0,,45.0
Inter Miami CF|Charlotte FC,2019,1,0.9274,1.0,0.0,0.0,,1142.0
Inter Miami CF|Charlotte FC,2023,2,0.7798,1.0,0.0,0.0,0.2459,24.0
Inter Miami CF|Chicago Fire FC,2021,1,-0.5859,0.0,1.0,0.0,,21.0
Inter Miami CF|Chicago Fire FC,2024,1,-0.9378,0.0,1.0,0.0,,83.0
Inter Miami CF|Columbus Crew,2024,1,0.0,0.0,0.0,1.0,,95.0
Inter Miami CF|D.C. United|Nashville SC|New England Revolution,2021,1,0.9652,1.0,0.0,0.0,,33.0
Inter Miami CF|FC Cincinnati,2021,1,0.703,1.0,0.0,0.0,,52.0
Inter Miami CF|FC Cincinnati|Nashville SC,2020,1,-0.6679,0.0,1.0,0.0,,60.0
Inter Miami CF|FC Dallas,2023,2,0.3069,1.0,0.0,0.0,0.1824,228.5
Inter Miami CF|Houston Dynamo FC,2020,1,0.9179,1.0,0.0,0.0,,52.0
Inter Miami CF|Houston Dynamo FC,2022,1,-0.9594,0.0,1.0,0.0,,36.0
Inter Miami CF|LA Galaxy,2019,1,0.5859,1.0,0.0,0.0,,77.0
Inter Miami CF|LAFC|Orlando City SC|D.C. United,2020,1,0.8331,1.0,0.0,0.0,,40.0
Inter Miami CF|Nashville SC,2023,1,0.5719,1.0,0.0,0.0,,23.0
Inter Miami CF|New England Revolution,2024,1,0.7506,1.0,0.0,0.0,,75.0
Inter Miami CF|New York Red Bulls,2021,1,0.0,0.0,0.0,1.0,,24.0
Inter Miami CF|New York Red Bulls,2024,1,-0.296,0.0,1.0,0.0,,208.0
Inter Miami CF|Orlando City SC,2018,1,0.9647,1.0,0.0,0.0,,23.0
Inter Miami CF|Orlando City SC,2019,3,-0.0216,0.3333,0.3333,0.3333,0.7329,32.67
Inter Miami CF|Orlando City SC,2020,3,0.5623,1.0,0.0,0.0,0.3488,73.33
Inter Miami CF|Orlando City SC,2022,2,-0.434,0.0,0.5,0.5,0.6137,66.0
Inter Miami CF|Orlando City SC,2023,2,0.1025,0.5,0.0,0.5,0.145,6.5
Inter Miami CF|Orlando City SC|FC Dallas,2023,1,-0.7184,0.0,1.0,0.0,,70.0
Inter Miami CF|Philadelphia Union,2021,1,0.1007,1.0,0.0,0.0,,51.0
Inter Miami CF|Philadelphia Union,2023,2,-0.0258,0.0,0.5,0.5,0.0365,65.0
Inter Miami CF|Real Salt Lake,2024,1,0.7762,1.0,0.0,0.0,,716.0
Inter Miami CF|Sporting Kansas City,2024,2,0.9545,1.0,0.0,0.0,0.0464,390.5
Inter Miami CF|Toronto FC,2022,1,0.0,0.0,0.0,1.0,,52.0
LA Galaxy,2018,15,0.0263,0.2,0.2,0.6,0.406,214.0
LA Galaxy,2019,22,0.2639,0.4091,0.1818,0.4091,0.6247,189.05
LA Galaxy,2020,25,0.0959,0.28,0.24,0.48,0.538,244.68
LA Galaxy,2021,28,0.267,0.5714,0.1786,0.25,0.5281,169.11
LA Galaxy,2022,13,0.1468,0.3846,0.1538,0.4615,0.6146,136.15
LA Galaxy,2023,25,0.1388,0.4,0.16,0.44,0.4718,190.44
LA Galaxy,2024,27,0.4315,0.5556,0.0741,0.3704,0.5215,185.19
LA Galaxy|Austin FC,2022,1,0.5859,1.0,0.0,0.0,,84.0
LA Galaxy|CF Montreal,2020,1,0.8519,1.0,0.0,0.0,,69.0
LA Galaxy|Charlotte FC,2022,1,0.6124,1.0,0.0,0.0,,124.0
LA Galaxy|Charlotte FC,2024,1,-0.2023,0.0,1.0,0.0,,150.0
LA Galaxy|Chicago Fire FC|LAFC,2023,1,-0.4422,0.0,1.0,0.0,,175.0
LA Galaxy|Chicago Fire FC|Seattle Sounders FC|Toronto FC|D.C. United,2020,1,-0.9661,0.0,1.0,0.0,,64.0
LA Galaxy|Colorado Rapids,2018,1,-0.8469,0.0,1.0,0.0,,24.0
LA Galaxy|Columbus Crew,2021,1,0.8883,1.0,0.0,0.0,,31.0
LA Galaxy|Inter Miami CF,2021,1,0.8309,1.0,0.0,0.0,,114.0
LA Galaxy|Inter Miami CF,2023,1,0.0,0.0,0.0,1.0,,110.0
LA Galaxy|Inter Miami CF,2024,1,0.0,0.0,0.0,1.0,,78.0
LA Galaxy|LAFC,2019,1,-0.753,0.0,1.0,0.0,,1516.0
LA Galaxy|LAFC,2020,1,-0.7404,0.0,1.0,0.0,,98.0
LA Galaxy|LAFC,2023,2,0.9193,1.0,0.0,0.0,0.0915,85.0
LA Galaxy|LAFC,2024,1,0.9558,1.0,0.0,0.0,,113.0
LA Galaxy|LAFC|Seattle Sounders FC|Chicago Fire FC,2023,1,-0.9394,0.0,1.0,0.0,,145.0
LA Galaxy|Minnesota United FC,2024,1,0.56,1.0,0.0,0.0,,175.0
LA Galaxy|Nashville SC,2023,2,-0.3702,0.0,0.5,0.5,0.5235,67.0
LA Galaxy|New York City FC,2022,1,0.9814,1.0,0.0,0.0,,87.0
LA Galaxy|New York Red Bulls,2021,1,0.9673,1.0,0.0,0.0,,152.0
LA Galaxy|New York Red Bulls,2022,1,0.0,0.0,0.0,1.0,,59.0
LA Galaxy|New York Red Bulls,2023,1,0.9787,1.0,0.0,0.0,,73.0
LA Galaxy|New York Red Bulls,2024,1,0.0,0.0,0.0,1.0,,75.0
LA Galaxy|Portland Timbers|San Jose Earthquakes,2018,1,0.9335,1.0,0.0,0.0,,123.0
LA Galaxy|San Jose Earthquakes,2020,1,0.7184,1.0,0.0,0.0,,1047.0
LA Galaxy|Seattle Sounders FC,2018,1,-0.734,0.0,1.0,0.0,,852.0
LAFC,2018,21,0.3742,0.5238,0.1429,0.3333,0.5119,219.33
LAFC,2019,32,0.2977,0.5312,0.125,0.3438,0.5623,308.19
LAFC,2020,37,0.3609,0.5135,0.1351,0.3514,0.515,319.81
LAFC,2021,20,0.2772,0.4,0.05,0.55,0.4985,91.25
LAFC,2022,28,0.4725,0.5714,0.0357,0.3929,0.4639,232.75
LAFC,2023,31,0.3963,0.5806,0.0968,0.3226,0.5298,194.0
LAFC,2024,35,0.3037,0.4857,0.0571,0.4571,0.4129,224.03
LAFC|Atlanta United FC,2019,1,0.9928,1.0,0.0,0.0,,143.0
LAFC|Atlanta United FC,2021,2,0.7157,1.0,0.0,0.0,0.0494,101.0
LAFC|Atlanta United FC|Seattle Sounders FC,2021,1,0.9485,1.0,0.0,0.0,,1213.0
LAFC|Austin FC,2021,2,0.0666,0.5,0.5,0.0,0.9529,104.5
LAFC|Austin FC|Houston Dynamo FC|FC Dallas,2021,1,-0.9497,0.0,1.0,0.0,,91.0
LAFC|Austin FC|Seattle Sounders FC,2023,1,0.5423,1.0,0.0,0.0,,85.0
LAFC|CF Montreal,2019,1,0.0,0.0,0.0,1.0,,1013.0
LAFC|CF Montreal,2023,1,0.0,0.0,0.0,1.0,,85.0
LAFC|Colorado Rapids,2020,1,0.7339,1.0,0.0,0.0,,9.0
LAFC|Colorado Rapids,2021,1,0.9081,1.0,0.0,0.0,,56.0
LAFC|Columbus Crew,2022,1,0.9644,1.0,0.0,0.0,,162.0
LAFC|Columbus Crew,2023,1,0.3197,1.0,0.0,0.0,,208.0
LAFC|Columbus Crew|New York Red Bulls|Orlando City SC|D.C. United,2022,1,0.9972,1.0,0.0,0.0,,124.0
LAFC|Columbus Crew|Philadelphia Union|Colorado Rapids|Sporting Kansas City|Inter Miami CF|New York City FC,2024,1,0.9944,1.0,0.0,0.0,,118.0
LAFC|D.C. United,2023,1,-0.8687,0.0,1.0,0.0,,12.0
LAFC|FC Cincinnati,2018,1,0.802,1.0,0.0,0.0,,107.0
LAFC|FC Cincinnati|Houston Dynamo FC,2022,1,0.0,0.0,0.0,1.0,,69.0
LAFC|FC Cincinnati|Philadelphia Union,2019,1,0.0,0.0,0.0,1.0,,79.0
LAFC|FC Dallas,2018,1,0.8625,1.0,0.0,0.0,,42.0
LAFC|FC Dallas,2022,1,0.0,0.0,0.0,1.0,,29.0
LAFC|Houston Dynamo FC,2019,1,0.0,0.0,0.0,1.0,,60.0
LAFC|Houston Dynamo FC,2021,1,0.9493,1.0,0.0,0.0,,80.0
LAFC|Houston Dynamo FC,2022,1,0.0,0.0,0.0,1.0,,43.0
LAFC|Houston Dynamo FC,2023,1,-0.2824,0.0,1.0,0.0,,1.0
LAFC|Houston Dynamo FC,2024,1,0.0,0.0,0.0,1.0,,80.0
LAFC|Inter Miami CF,2019,1,0.0,0.0,0.0,1.0,,128.0
LAFC|Inter Miami CF,2020,1,0.9931,1.0,0.0,0.0,,85.0
LAFC|LA Galaxy,2019,3,0.3262,0.3333,0.0,0.6667,0.5798,125.0
LAFC|LA Galaxy,2020,2,0.4906,0.5,0.0,0.5,0.6937,105.5
LAFC|LA Galaxy,2021,2,0.4838,0.5,0.0,0.5,0.6843,89.0
LAFC|LA Galaxy,2022,6,0.1365,0.3333,0.1667,0.5,0.3958,245.67
LAFC|LA Galaxy,2023,4,0.0317,0.25,0.25,0.5,0.6881,414.5
LAFC|LA Galaxy,2024,4,-0.0168,0.25,0.5,0.25,0.5961,567.0
LAFC|LA Galaxy|Seattle Sounders FC,2024,1,-0.8807,0.0,1.0,0.0,,267.0
LAFC|Minnesota United FC,2019,2,0.9641,1.0,0.0,0.0,0.0482,144.5
LAFC|Minnesota United FC,2021,1,0.6808,1.0,0.0,0.0,,159.0
LAFC|Minnesota United FC,2024,1,0.8779,1.0,0.0,0.0,,116.0
LAFC|New England Revolution,2021,1,-0.6369,0.0,1.0,0.0,,43.0
LAFC|New England Revolution|D.C. United|LA Galaxy,2024,1,0.9081,1.0,0.0,0.0,,49.0
LAFC|New England Revolution|LA Galaxy,2018,1,0.9744,1.0,0.0,0.0,,96.0
LAFC|New England Revolution|Sporting Kansas City,2023,1,0.9648,1.0,0.0,0.0,,72.0
LAFC|New York City FC|Vancouver Whitecaps FC,2024,1,0.974,1.0,0.0,0.0,,90.0
LAFC|New York Red Bulls|Toronto FC,2018,1,0.4071,1.0,0.0,0.0,,40.0
LAFC|Orlando City SC,2020,1,0.0,0.0,0.0,1.0,,1695.0
LAFC|Orlando City SC,2022,1,0.5204,1.0,0.0,0.0,,94.0
LAFC|Philadelphia Union,2020,2,0.4006,0.5,0.0,0.5,0.5665,620.0
LAFC|Philadelphia Union,2022,2,0.1298,0.5,0.5,0.0,1.1534,275.0
LAFC|Portland Timbers,2021,1,0.9272,1.0,0.0,0.0,,147.0
LAFC|Real Salt Lake,2018,1,0.0,0.0,0.0,1.0,,63.0
LAFC|Real Salt Lake,2021,1,0.0,0.0,0.0,1.0,,47.0
LAFC|Real Salt Lake,2023,2,0.0,0.0,0.0,1.0,0.0,1.5
LAFC|Real Salt Lake,2024,1,0.3853,1.0,0.0,0.0,,88.0
LAFC|Real Salt Lake|FC Dallas|Colorado Rapids|New York Red Bulls|Orlando City SC|Philadelphia Union|Columbus Crew|New England Revolution|FC Cincinnati,2019,1,-0.4588,0.0,1.0,0.0,,47.0
LAFC|San Jose Earthquakes,2018,1,0.9386,1.0,0.0,0.0,,121.0
LAFC|San Jose Earthquakes,2019,1,0.9928,1.0,0.0,0.0,,130.0
LAFC|San Jose Earthquakes,2020,1,0.7418,1.0,0.0,0.0,,61.0
LAFC|San Jose Earthquakes,2022,1,0.8475,1.0,0.0,0.0,,84.0
LAFC|San Jose Earthquakes,2024,1,0.6808,1.0,0.0,0.0,,62.0
LAFC|Seattle Sounders FC,2018,1,0.5267,1.0,0.0,0.0,,77.0
LAFC|Seattle Sounders FC,2020,2,0.0,0.0,0.0,1.0,0.0,565.5
LAFC|Seattle Sounders FC,2021,1,0.3788,1.0,0.0,0.0,,60.0
LAFC|Seattle Sounders FC,2023,1,-0.811,0.0,1.0,0.0,,185.0
LAFC|Seattle Sounders FC,2024,2,0.0,0.0,0.0,1.0,0.0,991.0
LAFC|Sporting Kansas City,2024,2,0.9408,1.0,0.0,0.0,0.0052,486.0
LAFC|St. Louis City SC,2023,2,0.4198,0.5,0.0,0.5,0.5937,122.5
LAFC|St. Louis City SC|Seattle Sounders FC|Vancouver Whitecaps FC|Real Salt Lake|Columbus Crew|Orlando City SC|Atlanta United FC|San Jose Earthquakes|Houston Dynamo FC|New England Revolution|FC Cincinnati|Philadelphia Union,2023,1,0.9982,1.0,0.0,0.0,,31.0
LAFC|Toronto FC,2018,1,0.0,0.0,0.0,1.0,,82.0
LAFC|Vancouver Whitecaps FC,2020,2,0.38,0.5,0.5,0.0,0.8574,47.5
LAFC|Vancouver Whitecaps FC,2022,2,0.4278,0.5,0.0,0.5,0.6049,77.0
LAFC|Vancouver Whitecaps FC,2023,2,0.486,0.5,0.0,0.5,0.6872,367.5
LAFC|Vancouver Whitecaps FC,2024,1,-0.9283,0.0,1.0,0.0,,239.0
Minnesota United FC,2018,18,0.5475,0.7778,0.0556,0.1667,0.4849,206.78
Minnesota United FC,2019,21,0.3953,0.5238,0.0,0.4762,0.4014,476.38
Minnesota United FC,2020,22,0.395,0.5909,0.0455,0.3636,0.4338,229.09
Minnesota United FC,2021,20,0.3313,0.6,0.1,0.3,0.5134,181.1
Minnesota United FC,2022,22,0.2262,0.3636,0.0455,0.5909,0.4125,124.91
Minnesota United FC,2023,25,0.373,0.56,0.08,0.36,0.5161,142.32
Minnesota United FC,2024,31,0.3705,0.6129,0.129,0.2581,0.4956,178.48
Minnesota United FC|Austin FC,2022,1,0.9902,1.0,0.0,0.0,,160.0
Minnesota United FC|Austin FC,2023,2,0.4852,0.5,0.0,0.5,0.6862,100.5
Minnesota United FC|Colorado Rapids,2020,1,-0.2406,0.0,1.0,0.0,,27.0
Minnesota United FC|Columbus Crew,2020,1,0.7379,1.0,0.0,0.0,,179.0
Minnesota United FC|FC Dallas,2021,1,0.6808,1.0,0.0,0.0,,192.0
Minnesota United FC|FC Dallas,2022,1,0.0,0.0,0.0,1.0,,93.0
Minnesota United FC|FC Dallas,2023,1,0.765,1.0,0.0,0.0,,119.0
Minnesota United FC|FC Dallas,2024,1,0.0,0.0,0.0,1.0,,156.0
Minnesota United FC|Houston Dynamo FC,2019,1,0.0,0.0,0.0,1.0,,202.0
Minnesota United FC|Houston Dynamo FC|LA Galaxy,2019,1,0.9011,1.0,0.0,0.0,,210.0
Minnesota United FC|Inter Miami CF,2021,1,0.8158,1.0,0.0,0.0,,51.0
Minnesota United FC|LA Galaxy,2023,1,-0.8339,0.0,1.0,0.0,,10.0
Minnesota United FC|LAFC,2023,1,0.6808,1.0,0.0,0.0,,14.0
Minnesota United FC|New England Revolution,2023,1,0.0,0.0,0.0,1.0,,27.0
Minnesota United FC|New York City FC,2023,1,0.6808,1.0,0.0,0.0,,49.0
Minnesota United FC|Philadelphia Union,2022,2,0.4608,0.5,0.0,0.5,0.6517,122.5
Minnesota United FC|Portland Timbers,2018,1,0.0,0.0,0.0,1.0,,719.0
Minnesota United FC|Real Salt Lake,2020,1,0.6808,1.0,0.0,0.0,,155.0
Minnesota United FC|Real Salt Lake,2022,1,-0.5175,0.0,1.0,0.0,,112.0
Minnesota United FC|San Jose Earthquakes,2019,2,0.072,0.5,0.5,0.0,1.3044,74.5
Minnesota United FC|San Jose Earthquakes,2022,1,0.7149,1.0,0.0,0.0,,151.0
Minnesota United FC|San Jose Earthquakes|CF Montreal,2019,1,0.969,1.0,0.0,0.0,,177.0
Minnesota United FC|Seattle Sounders FC,2018,3,0.3258,0.3333,0.0,0.6667,0.5642,524.67
Minnesota United FC|Seattle Sounders FC,2021,1,0.8068,1.0,0.0,0.0,,162.0
Minnesota United FC|Sporting Kansas City,2020,1,0.6808,1.0,0.0,0.0,,162.0
Minnesota United FC|St. Louis City SC,2023,1,0.6808,1.0,0.0,0.0,,222.0
Minnesota United FC|Vancouver Whitecaps FC,2018,1,0.6808,1.0,0.0,0.0,,133.0
Minnesota United FC|Vancouver Whitecaps FC,2020,1,0.8869,1.0,0.0,0.0,,205.0
Nashville SC,2018,17,0.2121,0.2941,0.0,0.7059,0.3688,35.47
Nashville SC,2019,25,0.1486,0.28,0.12,0.6,0.4607,36.8
Nashville SC,2020,33,0.0989,0.303,0.1818,0.5152,0.5534,158.61
Nashville SC,2021,29,0.4079,0.5862,0.0345,0.3793,0.4206,84.52
Nashville SC,2022,25,0.1193,0.32,0.16,0.52,0.4375,136.36
Nashville SC,2023,27,0.2697,0.5185,0.2222,0.2593,0.5622,190.3
Nashville SC,2024,13,0.3319,0.6154,0.0769,0.3077,0.3791,175.38
Nashville SC|Atlanta United FC,2018,1,0.0,0.0,0.0,1.0,,26.0
Nashville SC|Atlanta United FC,2019,1,0.8555,1.0,0.0,0.0,,64.0
Nashville SC|Atlanta United FC,2020,1,0.6808,1.0,0.0,0.0,,916.0
Nashville SC|Atlanta United FC,2023,1,0.9501,1.0,0.0,0.0,,127.0
Nashville SC|Austin FC,2021,1,0.0,0.0,0.0,1.0,,76.0
Nashville SC|Austin FC,2022,1,0.0,0.0,0.0,1.0,,61.0
Nashville SC|Austin FC,2024,1,0.9753,1.0,0.0,0.0,,135.0
Nashville SC|CF Montreal,2021,2,0.0,0.0,0.0,1.0,0.0,62.0
Nashville SC|CF Montreal,2022,1,0.0,0.0,0.0,1.0,,84.0
Nashville SC|CF Montreal,2023,3,-0.1756,0.0,0.3333,0.6667,0.3041,74.33
Nashville SC|Chicago Fire FC,2020,1,-0.3182,0.0,1.0,0.0,,55.0
Nashville SC|Chicago Fire FC,2021,1,-0.6808,0.0,1.0,0.0,,73.0
Nashville SC|Colorado Rapids,2018,3,0.1405,0.3333,0.0,0.6667,0.2434,285.33
Nashville SC|Columbus Crew,2019,1,0.0,0.0,0.0,1.0,,35.0
Nashville SC|Columbus Crew,2020,1,-0.5574,0.0,1.0,0.0,,152.0
Nashville SC|Columbus Crew,2023,1,0.0,0.0,0.0,1.0,,79.0
Nashville SC|D.C. United,2024,1,0.8324,1.0,0.0,0.0,,62.0
Nashville SC|FC Cincinnati,2018,2,0.0,0.0,0.0,1.0,0.0,24.5
Nashville SC|FC Cincinnati,2021,4,0.1726,0.25,0.25,0.5,0.4894,428.5
Nashville SC|FC Cincinnati,2022,1,-0.5423,0.0,1.0,0.0,,59.0
Nashville SC|FC Dallas,2020,2,0.0,0.0,0.0,1.0,0.0,80.5
Nashville SC|Houston Dynamo FC,2020,2,0.0,0.0,0.0,1.0,0.0,72.5
Nashville SC|Houston Dynamo FC,2022,1,0.5574,1.0,0.0,0.0,,32.0
Nashville SC|Inter Miami CF,2020,1,0.0,0.0,0.0,1.0,,61.0
Nashville SC|Inter Miami CF,2023,2,-0.063,0.0,0.5,0.5,0.0891,122.0
Nashville SC|LA Galaxy,2023,1,0.6808,1.0,0.0,0.0,,41.0
Nashville SC|Minnesota United FC,2022,1,0.0,0.0,0.0,1.0,,63.0
Nashville SC|New England Revolution,2022,1,0.8338,1.0,0.0,0.0,,46.0
Nashville SC|New England Revolution|Atlanta United FC,2024,1,-0.9642,0.0,1.0,0.0,,52.0
Nashville SC|New York City FC,2018,1,0.0,0.0,0.0,1.0,,29.0
Nashville SC|New York City FC,2019,1,0.0,0.0,0.0,1.0,,109.0
Nashville SC|New York City FC,2021,1,0.0,0.0,0.0,1.0,,53.0
Nashville SC|New York City FC,2023,1,0.0,0.0,0.0,1.0,,86.0
Nashville SC|New York Red Bulls,2024,1,0.9946,1.0,0.0,0.0,,46.0
Nashville SC|Orlando City SC,2020,2,0.0,0.0,0.0,1.0,0.0,86.0
Nashville SC|Orlando City SC,2021,1,0.0,0.0,0.0,1.0,,92.0
Nashville SC|Orlando City SC,2023,2,0.0,0.0,0.0,1.0,0.0,61.0
Nashville SC|Philadelphia Union,2021,1,0.0,0.0,0.0,1.0,,66.0
Nashville SC|Portland Timbers,2020,1,0.9809,1.0,0.0,0.0,,152.0
Nashville SC|Portland Timbers|Seattle Sounders FC,2021,1,0.6338,1.0,0.0,0.0,,75.0
Nashville SC|Seattle Sounders FC,2022,1,0.0,0.0,0.0,1.0,,105.0
Nashville SC|Sporting Kansas City,2024,1,-0.516,0.0,1.0,0.0,,83.0
Nashville SC|Toronto FC,2020,1,0.0,0.0,0.0,1.0,,98.0
Nashville SC|Toronto FC,2021,2,0.0,0.0,0.0,1.0,0.0,66.0
Nashville SC|Toronto FC,2022,1,0.0,0.0,0.0,1.0,,89.0
Nashville SC|Vancouver Whitecaps FC,2022,1,0.0,0.0,0.0,1.0,,58.0
New England Revolution,2018,15,-0.0133,0.2667,0.2667,0.4667,0.4049,97.13
New England Revolution,2019,27,0.1604,0.4815,0.1111,0.4074,0.4929,166.81
New England Revolution,2020,28,0.1202,0.3214,0.1429,0.5357,0.4936,90.93
New England Revolution,2021,31,0.1664,0.2903,0.129,0.5806,0.4653,147.03
New England Revolution,2022,24,0.3538,0.5,0.0833,0.4167,0.4676,55.92
New England Revolution,2023,25,0.366,0.52,0.12,0.36,0.506,53.96
New England Revolution,2024,12,0.0977,0.25,0.1667,0.5833,0.3235,75.58
New England Revolution|Atlanta United FC,2023,1,0.5803,1.0,0.0,0.0,,3.0
New England Revolution|CF Montreal,2020,1,0.0,0.0,0.0,1.0,,35.0
New England Revolution|Charlotte FC,2023,1,0.0,0.0,0.0,1.0,,1.0
New England Revolution|Chicago Fire FC,2019,1,-0.5859,0.0,1.0,0.0,,69.0
New England Revolution|Chicago Fire FC,2020,1,0.9246,1.0,0.0,0.0,,90.0
New England Revolution|Chicago Fire FC,2021,1,0.4724,1.0,0.0,0.0,,39.0
New England Revolution|Columbus Crew,2018,1,0.7896,1.0,0.0,0.0,,186.0
New England Revolution|Columbus Crew,2021,1,0.0,0.0,0.0,1.0,,65.0
New England Revolution|FC Cincinnati,2020,1,0.0,0.0,0.0,1.0,,40.0
New England Revolution|FC Dallas,2022,1,0.0,0.0,0.0,1.0,,32.0
New England Revolution|Inter Miami CF,2020,1,0.0,0.0,0.0,1.0,,90.0
New England Revolution|Inter Miami CF,2024,1,0.0,0.0,0.0,1.0,,97.0
New England Revolution|LA Galaxy,2021,1,0.6808,1.0,0.0,0.0,,67.0
New England Revolution|LAFC,2022,1,-0.4215,0.0,1.0,0.0,,43.0
New England Revolution|LAFC|Colorado Rapids,2021,1,0.7717,1.0,0.0,0.0,,130.0
New England Revolution|Nashville SC,2023,2,0.0,0.0,0.0,1.0,0.0,58.0
New England Revolution|New York City FC,2018,2,0.1726,0.5,0.5,0.0,1.0111,36.5
New England Revolution|New York City FC,2019,1,0.0,0.0,0.0,1.0,,176.0
New England Revolution|New York City FC,2022,1,0.8225,1.0,0.0,0.0,,40.0
New England Revolution|New York Red Bulls|LA Galaxy|D.C. United,2022,1,0.9001,1.0,0.0,0.0,,32.0
New England Revolution|Orlando City SC|Columbus Crew,2022,1,0.8439,1.0,0.0,0.0,,95.0
New England Revolution|Philadelphia Union,2020,1,0.0,0.0,0.0,1.0,,175.0
New England Revolution|Philadelphia Union,2021,1,0.0,0.0,0.0,1.0,,106.0
New England Revolution|Philadelphia Union,2023,1,0.7184,1.0,0.0,0.0,,5.0
New England Revolution|Portland Timbers|Inter Miami CF,2022,1,0.8472,1.0,0.0,0.0,,32.0
New England Revolution|Seattle Sounders FC,2021,1,0.0,0.0,0.0,1.0,,53.0
New England Revolution|Seattle Sounders FC,2023,1,0.5,1.0,0.0,0.0,,18.0
New England Revolution|Vancouver Whitecaps FC,2019,1,0.0,0.0,0.0,1.0,,130.0
New England Revolution|Vancouver Whitecaps FC,2024,1,0.0,0.0,0.0,1.0,,93.0
New York City FC,2018,15,0.205,0.4,0.2,0.4,0.6083,58.87
New York City FC,2019,35,0.3654,0.6,0.0857,0.3143,0.4829,179.51
New York City FC,2020,29,0.2204,0.5172,0.2414,0.2414,0.5756,169.21
New York City FC,2021,39,0.1626,0.359,0.2051,0.4359,0.5976,208.64
New York City FC,2022,31,0.2016,0.3871,0.0968,0.5161,0.4966,344.61
New York City FC,2023,20,0.3448,0.5,0.0,0.5,0.4082,96.85
New York City FC,2024,26,0.209,0.4231,0.1923,0.3846,0.5421,159.08
New York City FC|Austin FC,2020,1,0.0,0.0,0.0,1.0,,59.0
New York City FC|Austin FC,2023,1,0.9945,1.0,0.0,0.0,,60.0
New York City FC|CF Montreal,2023,2,0.4982,0.5,0.0,0.5,0.7046,18.5
New York City FC|Columbus Crew,2022,1,0.9571,1.0,0.0,0.0,,126.0
New York City FC|Columbus Crew,2023,3,0.9741,1.0,0.0,0.0,0.0238,124.33
New York City FC|Columbus Crew,2024,1,0.8641,1.0,0.0,0.0,,103.0
New York City FC|Columbus Crew|Minnesota United FC,2020,1,0.7359,1.0,0.0,0.0,,51.0
New York City FC|D.C. United|Columbus Crew,2021,1,0.1027,1.0,0.0,0.0,,50.0
New York City FC|FC Cincinnati,2020,1,0.0,0.0,0.0,1.0,,54.0
New York City FC|Inter Miami CF,2024,1,0.8151,1.0,0.0,0.0,,2835.0
New York City FC|LAFC|Atlanta United FC,2019,1,0.3818,1.0,0.0,0.0,,67.0
New York City FC|Minnesota United FC,2019,1,0.0,0.0,0.0,1.0,,1545.0
New York City FC|Minnesota United FC,2023,1,0.6808,1.0,0.0,0.0,,7.0
New York City FC|Nashville SC|CF Montreal,2024,1,0.9988,1.0,0.0,0.0,,44.0
New York City FC|New England Revolution,2018,1,0.3971,1.0,0.0,0.0,,95.0
New York City FC|New York Red Bulls,2018,1,0.7971,1.0,0.0,0.0,,68.0
New York City FC|New York Red Bulls,2019,1,-0.802,0.0,1.0,0.0,,58.0
New York City FC|New York Red Bulls,2022,1,0.0,0.0,0.0,1.0,,1328.0
New York City FC|New York Red Bulls,2024,1,0.5267,1.0,0.0,0.0,,59.0
New York City FC|Orlando City SC,2021,1,0.7845,1.0,0.0,0.0,,31.0
New York City FC|Orlando City SC|Toronto FC|New York Red Bulls|Columbus Crew|Philadelphia Union|Portland Timbers,2021,1,0.0878,1.0,0.0,0.0,,44.0
New York City FC|Philadelphia Union,2021,2,0.9382,1.0,0.0,0.0,0.0528,445.5
New York City FC|Philadelphia Union,2022,1,0.0,0.0,0.0,1.0,,760.0
New York City FC|Philadelphia Union,2023,1,0.0,0.0,0.0,1.0,,49.0
New York City FC|Philadelphia Union|CF Montreal|Inter Miami CF,2024,1,0.9977,1.0,0.0,0.0,,46.0
New York City FC|Portland Timbers,2021,2,0.7545,1.0,0.0,0.0,0.2446,992.0
New York City FC|Real Salt Lake,2022,1,-0.9725,0.0,1.0,0.0,,47.0
New York City FC|San Jose Earthquakes,2022,1,0.9776,1.0,0.0,0.0,,64.0
New York City FC|Toronto FC,2019,1,0.0,0.0,0.0,1.0,,541.0
New York City FC|Toronto FC,2022,1,0.9246,1.0,0.0,0.0,,91.0
New York City FC|Toronto FC|New York Red Bulls,2020,1,0.802,1.0,0.0,0.0,,48.0
New York City FC|Vancouver Whitecaps FC,2023,1,0.0,0.0,0.0,1.0,,1.0
New York Red Bulls,2018,17,0.186,0.4118,0.0588,0.5294,0.4427,147.82
New York Red Bulls,2019,22,0.1726,0.2727,0.0909,0.6364,0.4155,101.64
New York Red Bulls,2020,14,0.0997,0.2857,0.1429,0.5714,0.3273,179.21
New York Red Bulls,2021,10,0.1885,0.5,0.1,0.4,0.4645,45.5
New York Red Bulls,2022,20,0.1556,0.35,0.1,0.55,0.3951,91.95
New York Red Bulls,2023,11,0.2021,0.4545,0.2727,0.2727,0.7366,79.45
New York Red Bulls,2024,13,0.2622,0.4615,0.1538,0.3846,0.5701,337.69
New York Red Bulls|Chicago Fire FC,2021,1,-0.5859,0.0,1.0,0.0,,46.0
New York Red Bulls|Columbus Crew,2022,1,-0.25,0.0,1.0,0.0,,72.0
New York Red Bulls|Columbus Crew,2023,1,0.0,0.0,0.0,1.0,,54.0
New York Red Bulls|Columbus Crew|FC Cincinnati,2020,1,0.0,0.0,0.0,1.0,,36.0
New York Red Bulls|D.C. United,2024,1,0.9935,1.0,0.0,0.0,,46.0
New York Red Bulls|D.C. United|Chicago Fire FC|New England Revolution,2020,1,0.1576,1.0,0.0,0.0,,22.0
New York Red Bulls|FC Cincinnati,2018,1,-0.7184,0.0,1.0,0.0,,82.0
New York Red Bulls|FC Cincinnati,2019,1,0.0,0.0,0.0,1.0,,44.0
New York Red Bulls|FC Cincinnati,2020,1,0.7824,1.0,0.0,0.0,,266.0
New York Red Bulls|FC Cincinnati,2021,1,0.0,0.0,0.0,1.0,,39.0
New York Red Bulls|FC Dallas,2020,1,0.946,1.0,0.0,0.0,,36.0
New York Red Bulls|Inter Miami CF,2020,1,0.765,1.0,0.0,0.0,,73.0
New York Red Bulls|Inter Miami CF,2021,1,0.0,0.0,0.0,1.0,,28.0
New York Red Bulls|Inter Miami CF,2022,1,0.9698,1.0,0.0,0.0,,53.0
New York Red Bulls|Nashville SC,2021,2,0.0,0.0,0.0,1.0,0.0,32.5
New York Red Bulls|New York City FC,2018,2,-0.0535,0.5,0.5,0.0,1.1114,69.0
New York Red Bulls|New York City FC,2020,1,0.9506,1.0,0.0,0.0,,54.0
New York Red Bulls|New York City FC|D.C. United,2021,1,-0.6597,0.0,1.0,0.0,,36.0
New York Red Bulls|Orlando City SC,2022,1,0.0,0.0,0.0,1.0,,103.0
New York Red Bulls|Orlando City SC,2023,1,-0.5574,0.0,1.0,0.0,,48.0
New York Red Bulls|Orlando City SC,2024,1,0.0,0.0,0.0,1.0,,211.0
New York Red Bulls|Philadelphia Union,2020,1,0.9362,1.0,0.0,0.0,,122.0
New York Red Bulls|Philadelphia Union,2023,1,0.0,0.0,0.0,1.0,,57.0
New York Red Bulls|Toronto FC,2024,1,0.4822,1.0,0.0,0.0,,38.0
Orlando City SC,2018,14,0.0185,0.2857,0.2143,0.5,0.5972,280.86
Orlando City SC,2019,27,0.2731,0.4815,0.1111,0.4074,0.4914,250.67
Orlando City SC,2020,35,0.1853,0.4571,0.1143,0.4286,0.4722,229.34
Orlando City SC,2021,22,0.0962,0.3182,0.1818,0.5,0.5564,91.0
Orlando City SC,2022,23,0.1722,0.2609,0.087,0.6522,0.4368,141.04
Orlando City SC,2023,16,0.4947,0.6875,0.0,0.3125,0.4031,186.81
Orlando City SC,2024,30,0.3256,0.5333,0.1333,0.3333,0.5343,147.9
Orlando City SC|Atlanta United FC,2019,1,0.0,0.0,0.0,1.0,,969.0
Orlando City SC|Atlanta United FC,2024,1,-0.1027,0.0,1.0,0.0,,142.0
Orlando City SC|Charlotte FC,2022,1,0.0,0.0,0.0,1.0,,659.0
Orlando City SC|Charlotte FC|Minnesota United FC|CF Montreal,2019,1,0.997,1.0,0.0,0.0,,51.0
Orlando City SC|Columbus Crew,2020,1,0.908,1.0,0.0,0.0,,70.0
Orlando City SC|FC Dallas|Colorado Rapids,2022,1,0.9976,1.0,0.0,0.0,,63.0
Orlando City SC|Inter Miami CF,2019,1,0.7496,1.0,0.0,0.0,,27.0
Orlando City SC|Inter Miami CF,2020,2,-0.17,0.0,0.5,0.5,0.2404,647.5
Orlando City SC|Inter Miami CF,2022,1,-0.6147,0.0,1.0,0.0,,40.0
Orlando City SC|Inter Miami CF,2024,1,-0.5574,0.0,1.0,0.0,,158.0
Orlando City SC|Minnesota United FC,2018,1,-0.8979,0.0,1.0,0.0,,850.0
Orlando City SC|Minnesota United FC,2020,1,0.886,1.0,0.0,0.0,,1070.0
Orlando City SC|Minnesota United FC,2023,1,0.8568,1.0,0.0,0.0,,68.0
Orlando City SC|Nashville SC,2022,1,0.0,0.0,0.0,1.0,,74.0
Orlando City SC|Nashville SC,2023,2,0.0,0.0,0.0,1.0,0.0,51.5
Orlando City SC|Nashville SC|New York City FC,2021,1,-0.9742,0.0,1.0,0.0,,78.0
Orlando City SC|New England Revolution,2019,1,0.0,0.0,0.0,1.0,,57.0
Orlando City SC|New York City FC,2019,1,0.0,0.0,0.0,1.0,,77.0
Orlando City SC|New York City FC,2024,1,0.7405,1.0,0.0,0.0,,70.0
Orlando City SC|New York Red Bulls,2021,1,0.0,0.0,0.0,1.0,,32.0
Orlando City SC|New York Red Bulls,2022,1,0.5859,1.0,0.0,0.0,,59.0
Orlando City SC|Philadelphia Union,2022,1,-0.5574,0.0,1.0,0.0,,791.0
Orlando City SC|San Jose Earthquakes,2020,1,0.7351,1.0,0.0,0.0,,41.0
Orlando City SC|Sporting Kansas City,2020,1,0.7506,1.0,0.0,0.0,,48.0
Orlando City SC|Toronto FC,2018,1,0.7627,1.0,0.0,0.0,,202.0
Orlando City SC|Toronto FC|Atlanta United FC,2020,1,-0.4374,0.0,1.0,0.0,,230.0
Philadelphia Union,2018,22,0.2228,0.5,0.1364,0.3636,0.5348,157.77
Philadelphia Union,2019,18,0.2316,0.4444,0.1111,0.4444,0.5119,208.72
Philadelphia Union,2020,30,0.361,0.5,0.1,0.4,0.5654,219.53
Philadelphia Union,2021,24,0.4791,0.7083,0.0833,0.2083,0.4716,186.21
Philadelphia Union,2022,21,0.3817,0.5714,0.0952,0.3333,0.4329,345.86
Philadelphia Union,2023,22,0.4356,0.6818,0.0909,0.2273,0.3979,233.64
Philadelphia Union,2024,24,0.2825,0.5,0.25,0.25,0.6965,127.0
Philadelphia Union|Atlanta United FC,2018,1,0.6808,1.0,0.0,0.0,,1144.0
Philadelphia Union|Chicago Fire FC,2019,2,0.0369,0.5,0.5,0.0,0.8808,79.0
Philadelphia Union|Chicago Fire FC,2021,1,-0.5859,0.0,1.0,0.0,,143.0
Philadelphia Union|Chicago Fire FC,2022,2,0.2034,0.5,0.5,0.0,1.1162,87.5
Philadelphia Union|Colorado Rapids,2021,1,0.8612,1.0,0.0,0.0,,91.0
Philadelphia Union|Colorado Rapids,2022,1,0.0,0.0,0.0,1.0,,143.0
Philadelphia Union|D.C. United,2022,1,0.0,0.0,0.0,1.0,,178.0
Philadelphia Union|D.C. United|New York City FC|Toronto FC|Orlando City SC|CF Montreal,2024,1,0.9837,1.0,0.0,0.0,,65.0
Philadelphia Union|FC Cincinnati,2019,1,0.0,0.0,0.0,1.0,,55.0
Philadelphia Union|FC Cincinnati,2021,1,0.0,0.0,0.0,1.0,,73.0
Philadelphia Union|FC Cincinnati,2024,1,0.86,1.0,0.0,0.0,,109.0
Philadelphia Union|FC Dallas,2022,1,0.8309,1.0,0.0,0.0,,95.0
Philadelphia Union|Houston Dynamo FC,2022,1,0.0,0.0,0.0,1.0,,165.0
Philadelphia Union|Inter Miami CF,2020,1,0.25,1.0,0.0,0.0,,159.0
Philadelphia Union|LAFC,2021,1,0.5106,1.0,0.0,0.0,,74.0
Philadelphia Union|LAFC,2023,1,0.6369,1.0,0.0,0.0,,153.0
Philadelphia Union|Minnesota United FC,2022,1,0.2462,1.0,0.0,0.0,,1032.0
Philadelphia Union|New England Revolution,2019,1,-0.6523,0.0,1.0,0.0,,90.0
Philadelphia Union|New England Revolution,2021,1,0.7243,1.0,0.0,0.0,,110.0
Philadelphia Union|New England Revolution,2023,2,0.0663,0.5,0.5,0.0,1.2972,65.5
Philadelphia Union|New England Revolution,2024,1,0.0,0.0,0.0,1.0,,53.0
Philadelphia Union|New England Revolution|Portland Timbers|San Jose Earthquakes|Inter Miami CF,2020,1,0.0,0.0,0.0,1.0,,45.0
Philadelphia Union|New York City FC,2022,2,0.0,0.0,0.0,1.0,0.0,198.5
Philadelphia Union|New York Red Bulls|Toronto FC,2020,1,0.9802,1.0,0.0,0.0,,1659.0
Philadelphia Union|Orlando City SC,2021,1,-0.0772,0.0,1.0,0.0,,56.0
Philadelphia Union|Orlando City SC,2022,1,0.0,0.0,0.0,1.0,,118.0
Philadelphia Union|Portland Timbers,2021,1,0.2247,1.0,0.0,0.0,,101.0
Philadelphia Union|Portland Timbers,2022,1,0.6085,1.0,0.0,0.0,,174.0
Philadelphia Union|Seattle Sounders FC,2020,1,0.0,0.0,0.0,1.0,,191.0
Philadelphia Union|Seattle Sounders FC,2024,2,0.1299,0.5,0.5,0.0,1.2232,706.5
Philadelphia Union|Toronto FC,2020,1,0.8641,1.0,0.0,0.0,,167.0
Portland Timbers,2018,17,0.4762,0.7647,0.0588,0.1765,0.501,256.06
Portland Timbers,2019,32,0.1556,0.375,0.1562,0.4688,0.5385,239.88
Portland Timbers,2020,27,0.3472,0.5185,0.0741,0.4074,0.4466,319.11
Portland Timbers,2021,28,0.2916,0.5357,0.1786,0.2857,0.4453,286.79
Portland Timbers,2022,37,0.2879,0.5135,0.1622,0.3243,0.5626,306.68
Portland Timbers,2023,31,0.1478,0.4194,0.2258,0.3548,0.5332,174.81
Portland Timbers,2024,29,0.3153,0.5517,0.069,0.3793,0.5021,277.03
Portland Timbers|Atlanta United FC,2018,1,0.9552,1.0,0.0,0.0,,213.0
Portland Timbers|Charlotte FC|Nashville SC|CF Montreal|Seattle Sounders FC|Toronto FC|Vancouver Whitecaps FC,2020,1,0.1639,1.0,0.0,0.0,,20.0
Portland Timbers|Chicago Fire FC,2020,1,-0.8894,0.0,1.0,0.0,,1016.0
Portland Timbers|Colorado Rapids,2019,1,0.991,1.0,0.0,0.0,,162.0
Portland Timbers|Colorado Rapids,2020,1,-0.4588,0.0,1.0,0.0,,9.0
Portland Timbers|Colorado Rapids,2021,1,0.0,0.0,0.0,1.0,,41.0
Portland Timbers|Colorado Rapids,2024,1,0.9973,1.0,0.0,0.0,,285.0
Portland Timbers|Columbus Crew,2022,1,0.7156,1.0,0.0,0.0,,804.0
Portland Timbers|Columbus Crew|San Jose Earthquakes,2024,1,0.1531,1.0,0.0,0.0,,70.0
Portland Timbers|FC Dallas,2024,1,-0.3777,0.0,1.0,0.0,,164.0
Portland Timbers|Inter Miami CF,2021,1,0.1984,1.0,0.0,0.0,,66.0
Portland Timbers|LA Galaxy|San Jose Earthquakes,2023,1,0.9694,1.0,0.0,0.0,,56.0
Portland Timbers|LA Galaxy|Seattle Sounders FC,2022,1,0.9498,1.0,0.0,0.0,,44.0
Portland Timbers|LAFC|LA Galaxy|New York City FC|Toronto FC|Nashville SC,2020,1,0.9986,1.0,0.0,0.0,,12.0
Portland Timbers|Nashville SC,2020,1,0.7351,1.0,0.0,0.0,,71.0
Portland Timbers|New York City FC,2020,1,0.9158,1.0,0.0,0.0,,250.0
Portland Timbers|New York City FC,2021,1,0.8973,1.0,0.0,0.0,,1516.0
Portland Timbers|New York City FC,2022,1,0.8689,1.0,0.0,0.0,,148.0
Portland Timbers|Philadelphia Union,2020,1,0.0,0.0,0.0,1.0,,1106.0
Portland Timbers|Real Salt Lake,2020,1,0.945,1.0,0.0,0.0,,37.0
Portland Timbers|Real Salt Lake,2021,1,-0.5267,0.0,1.0,0.0,,811.0
Portland Timbers|San Jose Earthquakes,2021,1,0.0,0.0,0.0,1.0,,710.0
Portland Timbers|San Jose Earthquakes,2024,2,0.9071,1.0,0.0,0.0,0.0834,137.5
Portland Timbers|San Jose Earthquakes|Houston Dynamo FC|Real Salt Lake|Colorado Rapids|Sporting Kansas City,2022,1,0.9913,1.0,0.0,0.0,,32.0
Portland Timbers|Seattle Sounders FC,2018,2,0.3826,0.5,0.0,0.5,0.541,552.5
Portland Timbers|Seattle Sounders FC,2019,1,0.8143,1.0,0.0,0.0,,117.0
Portland Timbers|Seattle Sounders FC,2020,1,-0.8579,0.0,1.0,0.0,,225.0
Portland Timbers|Seattle Sounders FC,2021,1,-0.9883,0.0,1.0,0.0,,276.0
Portland Timbers|Seattle Sounders FC,2023,1,0.0,0.0,0.0,1.0,,1054.0
Portland Timbers|Seattle Sounders FC,2024,2,0.4978,0.5,0.0,0.5,0.7041,773.5
Portland Timbers|Seattle Sounders FC|LAFC,2024,1,0.9405,1.0,0.0,0.0,,274.0
Portland Timbers|Seattle Sounders FC|Minnesota United FC|FC Dallas|Vancouver Whitecaps FC|CF Montreal,2020,1,0.9916,1.0,0.0,0.0,,14.0
Portland Timbers|Sporting Kansas City|New York City FC,2020,1,-0.4957,0.0,1.0,0.0,,196.0
Real Salt Lake,2018,16,0.3287,0.5625,0.25,0.1875,0.5491,55.94
Real Salt Lake,2019,20,0.2236,0.55,0.1,0.35,0.5085,65.3
Real Salt Lake,2020,32,0.0561,0.3125,0.2188,0.4688,0.4473,69.22
Real Salt Lake,2021,28,0.174,0.3571,0.0357,0.6071,0.3793,90.54
Real Salt Lake,2022,29,0.2829,0.4828,0.1034,0.4138,0.4636,103.76
Real Salt Lake,2023,21,0.1776,0.5238,0.1905,0.2857,0.4807,46.14
Real Salt Lake,2024,26,0.3641,0.5769,0.1154,0.3077,0.5516,87.0
Real Salt Lake|Atlanta United FC,2024,1,0.6808,1.0,0.0,0.0,,38.0
Real Salt Lake|Austin FC,2024,1,0.0,0.0,0.0,1.0,,69.0
Real Salt Lake|Austin FC|Colorado Rapids,2019,1,0.4926,1.0,0.0,0.0,,80.0
Real Salt Lake|Austin FC|FC Dallas|Houston Dynamo FC,2022,1,0.994,1.0,0.0,0.0,,65.0
Real Salt Lake|CF Montreal,2022,2,0.1012,0.5,0.0,0.5,0.143,36.5
Real Salt Lake|Chicago Fire FC,2018,1,-0.5859,0.0,1.0,0.0,,37.0
Real Salt Lake|Chicago Fire FC,2024,1,0.0,0.0,0.0,1.0,,52.0
Real Salt Lake|Colorado Rapids,2018,1,0.3612,1.0,0.0,0.0,,41.0
Real Salt Lake|Colorado Rapids,2020,2,0.45,0.5,0.0,0.5,0.6365,39.0
Real Salt Lake|Colorado Rapids,2022,1,0.0,0.0,0.0,1.0,,49.0
Real Salt Lake|Colorado Rapids,2024,1,0.0,0.0,0.0,1.0,,37.0
Real Salt Lake|Columbus Crew,2024,1,0.0,0.0,0.0,1.0,,49.0
Real Salt Lake|D.C. United,2023,1,0.6808,1.0,0.0,0.0,,63.0
Real Salt Lake|FC Dallas,2020,1,-0.6808,0.0,1.0,0.0,,38.0
Real Salt Lake|FC Dallas,2021,1,0.0,0.0,0.0,1.0,,36.0
Real Salt Lake|FC Dallas|Philadelphia Union|New York City FC,2022,1,0.9981,1.0,0.0,0.0,,55.0
Real Salt Lake|Houston Dynamo FC,2022,1,0.0,0.0,0.0,1.0,,48.0
Real Salt Lake|Houston Dynamo FC,2023,3,0.3298,0.3333,0.0,0.6667,0.5712,17.0
Real Salt Lake|Houston Dynamo FC|Minnesota United FC|Sporting Kansas City,2020,1,-0.6369,0.0,1.0,0.0,,42.0
Real Salt Lake|LA Galaxy,2018,1,0.0,0.0,0.0,1.0,,1023.0
Real Salt Lake|LA Galaxy,2021,2,-0.2287,0.0,0.5,0.5,0.3234,56.0
Real Salt Lake|LAFC,2020,1,0.9914,1.0,0.0,0.0,,36.0
Real Salt Lake|LAFC,2021,1,0.9848,1.0,0.0,0.0,,41.0
Real Salt Lake|LAFC,2024,1,0.0,0.0,0.0,1.0,,836.0
Real Salt Lake|LAFC|D.C. United|Columbus Crew|Philadelphia Union,2022,1,0.9913,1.0,0.0,0.0,,38.0
Real Salt Lake|LAFC|LA Galaxy|Houston Dynamo FC,2018,1,-0.3818,0.0,1.0,0.0,,64.0
Real Salt Lake|Minnesota United FC,2021,1,-0.6597,0.0,1.0,0.0,,47.0
Real Salt Lake|Minnesota United FC,2022,1,0.0,0.0,0.0,1.0,,38.0
Real Salt Lake|New England Revolution,2018,1,0.0,0.0,0.0,1.0,,1612.0
Real Salt Lake|New York City FC,2023,1,0.5109,1.0,0.0,0.0,,45.0
Real Salt Lake|New York Red Bulls,2024,1,0.0,0.0,0.0,1.0,,41.0
Real Salt Lake|Orlando City SC,2020,2,0.1845,0.5,0.5,0.0,1.0058,21.0
Real Salt Lake|Orlando City SC,2023,1,0.0,0.0,0.0,1.0,,66.0
Real Salt Lake|Philadelphia Union,2019,1,0.0,0.0,0.0,1.0,,41.0
Real Salt Lake|Portland Timbers,2020,1,0.0,0.0,0.0,1.0,,25.0
Real Salt Lake|Portland Timbers,2021,1,0.0,0.0,0.0,1.0,,36.0
Real Salt Lake|Portland Timbers,2022,1,0.0,0.0,0.0,1.0,,48.0
Real Salt Lake|Portland Timbers,2023,2,0.0,0.0,0.0,1.0,0.0,51.5
Real Salt Lake|San Jose Earthquakes,2020,1,0.5859,1.0,0.0,0.0,,25.0
Real Salt Lake|San Jose Earthquakes,2021,1,0.0,0.0,0.0,1.0,,890.0
Real Salt Lake|Seattle Sounders FC,2018,1,0.9167,1.0,0.0,0.0,,30.0
Real Salt Lake|Seattle Sounders FC,2021,1,0.0,0.0,0.0,1.0,,118.0
Real Salt Lake|Seattle Sounders FC,2022,1,0.0,0.0,0.0,1.0,,42.0
Real Salt Lake|Sporting Kansas City,2019,2,0.4478,0.5,0.0,0.5,0.6332,31.0
Real Salt Lake|Sporting Kansas City,2021,2,0.0,0.0,0.0,1.0,0.0,101.0
Real Salt Lake|Sporting Kansas City,2022,1,0.0,0.0,0.0,1.0,,44.0
Real Salt Lake|Sporting Kansas City,2023,1,0.4329,1.0,0.0,0.0,,17.0
Real Salt Lake|Sporting Kansas City|Colorado Rapids,2020,1,0.0,0.0,0.0,1.0,,124.0
Real Salt Lake|Sporting Kansas City|Colorado Rapids|Minnesota United FC,2020,1,0.0,0.0,0.0,1.0,,33.0
Real Salt Lake|Sporting Kansas City|FC Dallas,2020,1,0.5267,1.0,0.0,0.0,,43.0
Real Salt Lake|St. Louis City SC,2024,1,0.0,0.0,0.0,1.0,,55.0
Real Salt Lake|Toronto FC,2019,1,0.0,0.0,0.0,1.0,,32.0
Real Salt Lake|Toronto FC,2023,1,0.0,0.0,0.0,1.0,,44.0
Real Salt Lake|Vancouver Whitecaps FC,2019,1,0.8708,1.0,0.0,0.0,,30.0
Real Salt Lake|Vancouver Whitecaps FC,2021,2,0.4822,0.5,0.0,0.5,0.6819,72.5
Real Salt Lake|Vancouver Whitecaps FC,2023,2,0.0,0.0,0.0,1.0,0.0,57.0
Real Salt Lake|Vancouver Whitecaps FC|Seattle Sounders FC,2021,1,0.9763,1.0,0.0,0.0,,59.0
San Jose Earthquakes,2018,19,0.2986,0.4737,0.1053,0.4211,0.4979,48.53
San Jose Earthquakes,2019,20,-0.0373,0.2,0.2,0.6,0.4888,231.55
San Jose Earthquakes,2020,28,0.1784,0.3214,0.1071,0.5714,0.434,169.71
San Jose Earthquakes,2021,30,0.1248,0.3,0.1667,0.5333,0.4769,176.87
San Jose Earthquakes,2022,32,0.2083,0.4688,0.125,0.4062,0.5137,115.97
San Jose Earthquakes,2023,26,0.2458,0.4231,0.0769,0.5,0.4197,56.73
San Jose Earthquakes,2024,29,0.1986,0.5172,0.1724,0.3103,0.545,90.86
San Jose Earthquakes|CF Montreal,2019,1,0.6115,1.0,0.0,0.0,,84.0
San Jose Earthquakes|Chicago Fire FC,2019,1,0.9808,1.0,0.0,0.0,,57.0
San Jose Earthquakes|Chicago Fire FC|New England Revolution,2024,1,-0.2422,0.0,1.0,0.0,,1581.0
San Jose Earthquakes|Columbus Crew,2023,2,0.4404,0.5,0.0,0.5,0.6227,53.5
San Jose Earthquakes|D.C. United,2018,1,0.9797,1.0,0.0,0.0,,153.0
San Jose Earthquakes|FC Dallas,2018,1,0.8475,1.0,0.0,0.0,,90.0
San Jose Earthquakes|FC Dallas,2021,1,0.0,0.0,0.0,1.0,,78.0
San Jose Earthquakes|FC Dallas|Minnesota United FC,2019,1,0.0,0.0,0.0,1.0,,87.0
San Jose Earthquakes|Houston Dynamo FC,2023,1,0.8225,1.0,0.0,0.0,,76.0
San Jose Earthquakes|Houston Dynamo FC,2024,1,0.0,0.0,0.0,1.0,,90.0
San Jose Earthquakes|Houston Dynamo FC|LAFC,2023,1,0.9893,1.0,0.0,0.0,,76.0
San Jose Earthquakes|LA Galaxy,2019,1,0.5473,1.0,0.0,0.0,,81.0
San Jose Earthquakes|LA Galaxy,2021,1,0.8684,1.0,0.0,0.0,,722.0
San Jose Earthquakes|LA Galaxy,2022,1,0.0258,0.0,0.0,1.0,,62.0
San Jose Earthquakes|LA Galaxy|Seattle Sounders FC,2018,1,0.7506,1.0,0.0,0.0,,35.0
San Jose Earthquakes|New England Revolution,2024,1,0.0,0.0,0.0,1.0,,85.0
San Jose Earthquakes|Orlando City SC,2020,1,-0.7531,0.0,1.0,0.0,,242.0
San Jose Earthquakes|Philadelphia Union,2022,2,0.5574,1.0,0.0,0.0,0.0,80.5
San Jose Earthquakes|Philadelphia Union,2023,1,0.6996,1.0,0.0,0.0,,42.0
San Jose Earthquakes|Portland Timbers,2020,1,-0.7246,0.0,1.0,0.0,,60.0
San Jose Earthquakes|Real Salt Lake|Sporting Kansas City,2022,1,0.9559,1.0,0.0,0.0,,57.0
San Jose Earthquakes|Seattle Sounders FC,2019,1,0.9919,1.0,0.0,0.0,,109.0
San Jose Earthquakes|Seattle Sounders FC,2024,2,-0.2202,0.0,0.5,0.5,0.3114,54.5
San Jose Earthquakes|Seattle Sounders FC|FC Dallas|Vancouver Whitecaps FC,2020,1,0.0,0.0,0.0,1.0,,33.0
San Jose Earthquakes|Vancouver Whitecaps FC,2020,1,0.9517,1.0,0.0,0.0,,82.0
San Jose Earthquakes|Vancouver Whitecaps FC,2023,1,0.0,0.0,0.0,1.0,,8.0
San Jose Earthquakes|Vancouver Whitecaps FC,2024,2,-0.3404,0.0,0.5,0.5,0.4814,132.0
Seattle Sounders FC,2018,11,0.16,0.3636,0.2727,0.3636,0.594,248.82
Seattle Sounders FC,2019,33,0.3101,0.4848,0.0606,0.4545,0.4818,354.67
Seattle Sounders FC,2020,23,0.3068,0.6087,0.087,0.3043,0.4918,195.96
Seattle Sounders FC,2021,30,0.1571,0.3333,0.1,0.5667,0.3828,419.93
Seattle Sounders FC,2022,37,0.3303,0.5135,0.1351,0.3514,0.5644,470.51
Seattle Sounders FC,2023,21,0.4107,0.5238,0.0,0.4762,0.4314,244.05
Seattle Sounders FC,2024,20,0.2502,0.45,0.05,0.5,0.4328,234.2
Seattle Sounders FC|Austin FC,2021,1,0.8481,1.0,0.0,0.0,,1012.0
Seattle Sounders FC|Charlotte FC,2021,1,0.9679,1.0,0.0,0.0,,51.0
Seattle Sounders FC|Colorado Rapids,2019,1,0.6322,1.0,0.0,0.0,,11.0
Seattle Sounders FC|Colorado Rapids,2023,1,-0.5267,0.0,1.0,0.0,,44.0
Seattle Sounders FC|Columbus Crew,2020,1,-0.6331,0.0,1.0,0.0,,96.0
Seattle Sounders FC|Columbus Crew,2021,1,0.8225,1.0,0.0,0.0,,345.0
Seattle Sounders FC|FC Cincinnati,2019,2,0.0,0.0,0.0,1.0,0.0,127.5
Seattle Sounders FC|FC Cincinnati,2023,1,0.9524,1.0,0.0,0.0,,147.0
Seattle Sounders FC|FC Dallas,2018,1,-0.9635,0.0,1.0,0.0,,28.0
Seattle Sounders FC|FC Dallas,2022,1,0.9674,1.0,0.0,0.0,,50.0
Seattle Sounders FC|FC Dallas,2023,1,0.4019,1.0,0.0,0.0,,40.0
Seattle Sounders FC|FC Dallas,2024,1,0.9371,1.0,0.0,0.0,,61.0
Seattle Sounders FC|Houston Dynamo FC,2021,1,-0.6369,0.0,1.0,0.0,,597.0
Seattle Sounders FC|Houston Dynamo FC|Portland Timbers,2023,1,0.0102,0.0,0.0,1.0,,165.0
Seattle Sounders FC|Inter Miami CF,2022,1,0.0,0.0,0.0,1.0,,39.0
Seattle Sounders FC|LAFC,2020,1,0.9943,1.0,0.0,0.0,,126.0
Seattle Sounders FC|LAFC|Portland Timbers,2022,1,0.967,1.0,0.0,0.0,,167.0
Seattle Sounders FC|Minnesota United FC,2021,1,-0.3152,0.0,1.0,0.0,,5.0
Seattle Sounders FC|Minnesota United FC|Portland Timbers,2018,1,-0.8507,0.0,1.0,0.0,,209.0
Seattle Sounders FC|Nashville SC,2022,1,0.717,1.0,0.0,0.0,,208.0
Seattle Sounders FC|New York Red Bulls,2024,1,0.891,1.0,0.0,0.0,,258.0
Seattle Sounders FC|Orlando City SC,2019,1,-0.7351,0.0,1.0,0.0,,101.0
Seattle Sounders FC|Portland Timbers,2019,1,-0.2823,0.0,1.0,0.0,,84.0
Seattle Sounders FC|Portland Timbers,2020,2,-0.7445,0.0,1.0,0.0,0.088,223.5
Seattle Sounders FC|Portland Timbers,2021,1,0.0,0.0,0.0,1.0,,225.0
Seattle Sounders FC|Portland Timbers,2022,1,0.8555,1.0,0.0,0.0,,777.0
Seattle Sounders FC|Portland Timbers,2023,1,-0.5423,0.0,1.0,0.0,,265.0
Seattle Sounders FC|Portland Timbers|Real Salt Lake|LA Galaxy|San Jose Earthquakes,2019,1,-0.0516,0.0,1.0,0.0,,174.0
Seattle Sounders FC|Real Salt Lake,2022,1,-0.7303,0.0,1.0,0.0,,32.0
Seattle Sounders FC|San Jose Earthquakes,2020,1,0.9775,1.0,0.0,0.0,,105.0
Seattle Sounders FC|Sporting Kansas City,2021,2,0.3825,0.5,0.0,0.5,0.5409,95.5
Seattle Sounders FC|Sporting Kansas City,2023,1,0.975,1.0,0.0,0.0,,770.0
Seattle Sounders FC|Sporting Kansas City|Houston Dynamo FC,2018,1,-0.2887,0.0,1.0,0.0,,91.0
Seattle Sounders FC|St. Louis City SC,2021,1,0.9972,1.0,0.0,0.0,,25.0
Seattle Sounders FC|Toronto FC,2019,2,0.9864,1.0,0.0,0.0,0.0121,1512.5
Seattle Sounders FC|Toronto FC,2020,1,0.0,0.0,0.0,1.0,,162.0
Seattle Sounders FC|Toronto FC,2022,2,0.1884,0.5,0.5,0.0,0.9783,63.0
Seattle Sounders FC|Vancouver Whitecaps FC,2023,1,0.0,0.0,0.0,1.0,,25.0
Sporting Kansas City,2018,12,0.3744,0.5,0.0,0.5,0.4055,151.25
Sporting Kansas City,2019,21,0.2931,0.4286,0.0476,0.5238,0.4762,79.43
Sporting Kansas City,2020,28,0.393,0.5357,0.0714,0.3929,0.457,77.75
Sporting Kansas City,2021,22,0.0729,0.1818,0.1364,0.6818,0.4143,150.86
Sporting Kansas City,2022,28,0.2512,0.4643,0.1071,0.4286,0.4355,170.93
Sporting Kansas City,2023,29,0.1951,0.3793,0.1034,0.5172,0.4426,144.17
Sporting Kansas City,2024,26,0.2365,0.5,0.2308,0.2692,0.6047,133.19
Sporting Kansas City|Austin FC,2023,1,0.872,1.0,0.0,0.0,,12.0
Sporting Kansas City|Charlotte FC,2021,1,0.5574,1.0,0.0,0.0,,61.0
Sporting Kansas City|Chicago Fire FC,2019,1,0.9694,1.0,0.0,0.0,,126.0
Sporting Kansas City|Chicago Fire FC,2020,1,0.0,0.0,0.0,1.0,,98.0
Sporting Kansas City|Chicago Fire FC|St. Louis City SC,2021,1,-0.9617,0.0,1.0,0.0,,29.0
Sporting Kansas City|Colorado Rapids,2019,1,0.9349,1.0,0.0,0.0,,116.0
Sporting Kansas City|Colorado Rapids,2020,2,0.3753,0.5,0.0,0.5,0.5308,95.0
Sporting Kansas City|Colorado Rapids,2021,1,-0.1531,0.0,1.0,0.0,,59.0
Sporting Kansas City|Columbus Crew|Orlando City SC,2020,1,0.0,0.0,0.0,1.0,,117.0
Sporting Kansas City|FC Dallas,2018,1,0.0,0.0,0.0,1.0,,76.0
Sporting Kansas City|FC Dallas,2020,2,0.4892,0.5,0.0,0.5,0.6918,51.5
Sporting Kansas City|FC Dallas,2022,1,-0.8316,0.0,1.0,0.0,,78.0
Sporting Kansas City|Houston Dynamo FC,2018,1,-0.4019,0.0,1.0,0.0,,71.0
Sporting Kansas City|Houston Dynamo FC,2019,1,0.0,0.0,0.0,1.0,,123.0
Sporting Kansas City|Houston Dynamo FC,2021,1,0.765,1.0,0.0,0.0,,123.0
Sporting Kansas City|Houston Dynamo FC,2022,1,0.8475,1.0,0.0,0.0,,108.0
Sporting Kansas City|Inter Miami CF,2024,2,0.0,0.0,0.0,1.0,0.0,366.0
Sporting Kansas City|LA Galaxy,2024,1,-0.9352,0.0,1.0,0.0,,65.0
Sporting Kansas City|LA Galaxy|Portland Timbers,2021,1,0.9938,1.0,0.0,0.0,,241.0
Sporting Kansas City|LAFC,2018,1,0.4939,1.0,0.0,0.0,,54.0
Sporting Kansas City|LAFC,2021,1,0.8225,1.0,0.0,0.0,,100.0
Sporting Kansas City|Minnesota United FC,2018,1,0.6808,1.0,0.0,0.0,,99.0
Sporting Kansas City|Minnesota United FC,2019,2,0.3818,1.0,0.0,0.0,0.0,104.0
Sporting Kansas City|Minnesota United FC|New England Revolution|Orlando City SC|Chicago Fire FC|Philadelphia Union|Columbus Crew|Real Salt Lake|Portland Timbers|CF Montreal|LA Galaxy,2019,1,0.9968,1.0,0.0,0.0,,74.0
Sporting Kansas City|Nashville SC,2019,1,0.8858,1.0,0.0,0.0,,32.0
Sporting Kansas City|Nashville SC,2020,1,0.8481,1.0,0.0,0.0,,100.0
Sporting Kansas City|Nashville SC|Chicago Fire FC|New York Red Bulls|Toronto FC|New York City FC,2023,1,0.705,1.0,0.0,0.0,,114.0
Sporting Kansas City|Nashville SC|Houston Dynamo FC|Real Salt Lake|Minnesota United FC,2023,1,0.8385,1.0,0.0,0.0,,12.0
Sporting Kansas City|New England Revolution,2018,1,0.0,0.0,0.0,1.0,,124.0
Sporting Kansas City|New York City FC,2022,1,0.9246,1.0,0.0,0.0,,85.0
Sporting Kansas City|New York Red Bulls,2019,1,0.0,0.0,0.0,1.0,,96.0
Sporting Kansas City|New York Red Bulls,2021,2,0.3272,0.5,0.0,0.5,0.4627,80.5
Sporting Kansas City|Philadelphia Union,2019,1,-0.7184,0.0,1.0,0.0,,115.0
Sporting Kansas City|Portland Timbers,2024,1,0.7506,1.0,0.0,0.0,,173.0
Sporting Kansas City|Real Salt Lake,2019,1,0.946,1.0,0.0,0.0,,94.0
Sporting Kansas City|Real Salt Lake,2020,1,0.0,0.0,0.0,1.0,,129.0
Sporting Kansas City|Real Salt Lake,2021,1,0.4215,1.0,0.0,0.0,,113.0
Sporting Kansas City|Real Salt Lake,2022,1,0.0,0.0,0.0,1.0,,78.0
Sporting Kansas City|Real Salt Lake|LA Galaxy|Seattle Sounders FC|New England Revolution,2021,1,0.9881,1.0,0.0,0.0,,40.0
Sporting Kansas City|San Jose Earthquakes,2019,1,0.717,1.0,0.0,0.0,,114.0
Sporting Kansas City|San Jose Earthquakes,2021,2,0.0,0.0,0.0,1.0,0.0,102.5
Sporting Kansas City|Seattle Sounders FC,2019,1,0.875,1.0,0.0,0.0,,95.0
Sporting Kansas City|Seattle Sounders FC,2022,1,0.807,1.0,0.0,0.0,,71.0
Sporting Kansas City|Seattle Sounders FC|New England Revolution|Columbus Crew,2021,1,0.966,1.0,0.0,0.0,,56.0
Sporting Kansas City|Seattle Sounders FC|Portland Timbers,2020,1,0.0,0.0,0.0,1.0,,20.0
Sporting Kansas City|Seattle Sounders FC|Portland Timbers,2021,1,0.9646,1.0,0.0,0.0,,157.0
Sporting Kansas City|St. Louis City SC,2022,1,0.2302,1.0,0.0,0.0,,56.0
Sporting Kansas City|Toronto FC,2020,1,-0.4184,0.0,1.0,0.0,,128.0
Sporting Kansas City|Vancouver Whitecaps FC,2020,3,-0.2395,0.0,0.3333,0.6667,0.4148,111.33
Sporting Kansas City|Vancouver Whitecaps FC,2021,2,0.7802,1.0,0.0,0.0,0.0961,81.5
Sporting Kansas City|Vancouver Whitecaps FC,2022,1,0.0,0.0,0.0,1.0,,54.0
St. Louis City SC,2020,9,0.6206,0.7778,0.0,0.2222,0.4314,40.44
St. Louis City SC,2021,31,0.1985,0.2903,0.0323,0.6774,0.3586,41.19
St. Louis City SC,2022,19,0.3168,0.4211,0.0,0.5789,0.3979,62.89
St. Louis City SC,2023,21,0.3887,0.619,0.0952,0.2857,0.4953,250.33
St. Louis City SC,2024,12,0.207,0.3333,0.0833,0.5833,0.4343,137.75
St. Louis City SC|Atlanta United FC,2024,1,0.8481,1.0,0.0,0.0,,690.0
St. Louis City SC|Austin FC,2023,2,-0.0292,0.5,0.5,0.0,1.3444,128.5
St. Louis City SC|Chicago Fire FC,2021,1,0.5859,1.0,0.0,0.0,,53.0
St. Louis City SC|Colorado Rapids,2023,1,0.9244,1.0,0.0,0.0,,132.0
St. Louis City SC|D.C. United,2023,1,0.6808,1.0,0.0,0.0,,81.0
St. Louis City SC|New York Red Bulls,2022,1,0.3818,1.0,0.0,0.0,,51.0
St. Louis City SC|Philadelphia Union,2021,1,0.7184,1.0,0.0,0.0,,28.0
St. Louis City SC|Philadelphia Union,2022,1,0.886,1.0,0.0,0.0,,43.0
St. Louis City SC|Real Salt Lake,2023,1,0.9991,1.0,0.0,0.0,,222.0
Toronto FC,2018,24,0.0727,0.375,0.1667,0.4583,0.5238,193.54
Toronto FC,2019,30,0.1678,0.4667,0.2667,0.2667,0.6133,128.0
Toronto FC,2020,30,0.2444,0.4333,0.1667,0.4,0.5325,119.47
Toronto FC,2021,30,0.0947,0.3667,0.2333,0.4,0.5344,87.57
Toronto FC,2022,37,0.2985,0.4595,0.0541,0.4865,0.4798,143.89
Toronto FC,2023,28,0.1626,0.4286,0.1786,0.3929,0.5089,123.57
Toronto FC,2024,21,0.2602,0.5714,0.1429,0.2857,0.5425,195.05
Toronto FC|Atlanta United FC,2022,1,0.93,1.0,0.0,0.0,,84.0
Toronto FC|Atlanta United FC,2023,1,0.8807,1.0,0.0,0.0,,330.0
Toronto FC|Atlanta United FC|Seattle Sounders FC,2019,1,0.8591,1.0,0.0,0.0,,1082.0
Toronto FC|CF Montreal,2019,1,-0.6962,0.0,1.0,0.0,,47.0
Toronto FC|CF Montreal,2021,1,0.0,0.0,0.0,1.0,,95.0
Toronto FC|CF Montreal,2024,1,-0.7717,0.0,1.0,0.0,,85.0
Toronto FC|Chicago Fire FC,2022,1,0.6597,1.0,0.0,0.0,,74.0
Toronto FC|Chicago Fire FC,2023,1,0.7294,1.0,0.0,0.0,,9.0
Toronto FC|Colorado Rapids,2022,1,0.0,0.0,0.0,1.0,,109.0
Toronto FC|Columbus Crew,2023,1,0.0,0.0,0.0,1.0,,183.0
Toronto FC|D.C. United,2021,1,0.7326,1.0,0.0,0.0,,121.0
Toronto FC|D.C. United,2024,1,0.2744,1.0,0.0,0.0,,49.0
Toronto FC|FC Cincinnati,2021,2,-0.3722,0.0,0.5,0.5,0.5263,78.5
Toronto FC|FC Cincinnati,2023,1,0.0,0.0,0.0,1.0,,40.0
Toronto FC|FC Cincinnati,2024,2,0.8278,1.0,0.0,0.0,0.0701,84.0
Toronto FC|LA Galaxy,2018,2,0.3184,0.5,0.0,0.5,0.4504,35.5
Toronto FC|Nashville SC,2020,1,0.0,0.0,0.0,1.0,,55.0
Toronto FC|New York City FC,2019,1,0.9946,1.0,0.0,0.0,,105.0
Toronto FC|New York City FC,2020,2,-0.2164,0.0,0.5,0.5,0.3061,61.5
Toronto FC|New York City FC,2023,1,0.9493,1.0,0.0,0.0,,133.0
Toronto FC|New York City FC,2024,1,0.5859,1.0,0.0,0.0,,124.0
Toronto FC|Philadelphia Union,2022,2,0.8385,1.0,0.0,0.0,0.0,82.0
Toronto FC|San Jose Earthquakes,2020,1,0.8562,1.0,0.0,0.0,,64.0
Toronto FC|Seattle Sounders FC,2019,1,0.9409,1.0,0.0,0.0,,114.0
Toronto FC|Seattle Sounders FC,2023,1,0.8266,1.0,0.0,0.0,,52.0
Toronto FC|Vancouver Whitecaps FC,2019,1,0.0,0.0,0.0,1.0,,44.0
Toronto FC|Vancouver Whitecaps FC,2020,2,0.276,0.5,0.5,0.0,0.809,83.0
Toronto FC|Vancouver Whitecaps FC,2022,1,0.7381,1.0,0.0,0.0,,88.0
Toronto FC|Vancouver Whitecaps FC,2023,1,-0.8807,0.0,1.0,0.0,,21.0
Toronto FC|Vancouver Whitecaps FC|FC Dallas|Houston Dynamo FC|Sporting Kansas City|Inter Miami CF|Philadelphia Union|Seattle Sounders FC,2022,1,0.4215,1.0,0.0,0.0,,795.0
Vancouver Whitecaps FC,2018,9,0.041,0.2222,0.2222,0.5556,0.3974,45.44
Vancouver Whitecaps FC,2019,34,-0.0574,0.2941,0.3529,0.3529,0.4586,74.12
Vancouver Whitecaps FC,2020,22,0.1746,0.4091,0.1818,0.4091,0.5915,106.5
Vancouver Whitecaps FC,2021,33,0.2984,0.5152,0.1212,0.3636,0.4865,41.64
Vancouver Whitecaps FC,2022,23,0.3107,0.4348,0.0435,0.5217,0.5092,74.17
Vancouver Whitecaps FC,2023,32,0.2345,0.4375,0.1875,0.375,0.5492,62.81
Vancouver Whitecaps FC,2024,27,0.0238,0.2222,0.2222,0.5556,0.4706,101.78
Vancouver Whitecaps FC|Austin FC,2021,1,0.0,0.0,0.0,1.0,,2.0
Vancouver Whitecaps FC|Austin FC,2024,1,0.0,0.0,0.0,1.0,,93.0
Vancouver Whitecaps FC|Charlotte FC,2021,1,0.2023,1.0,0.0,0.0,,42.0
Vancouver Whitecaps FC|Chicago Fire FC,2018,1,-0.952,0.0,1.0,0.0,,38.0
Vancouver Whitecaps FC|Chicago Fire FC,2020,1,-0.9288,0.0,1.0,0.0,,46.0
Vancouver Whitecaps FC|Colorado Rapids,2021,1,0.8481,1.0,0.0,0.0,,47.0
Vancouver Whitecaps FC|Columbus Crew,2022,1,0.0516,1.0,0.0,0.0,,27.0
Vancouver Whitecaps FC|Columbus Crew,2023,1,0.0,0.0,0.0,1.0,,18.0
Vancouver Whitecaps FC|D.C. United,2023,3,0.2967,0.3333,0.0,0.6667,0.5138,1.0
Vancouver Whitecaps FC|FC Cincinnati,2019,1,0.9241,1.0,0.0,0.0,,46.0
Vancouver Whitecaps FC|FC Dallas,2019,1,0.4939,1.0,0.0,0.0,,1180.0
Vancouver Whitecaps FC|FC Dallas,2021,1,0.0,0.0,0.0,1.0,,46.0
Vancouver Whitecaps FC|FC Dallas,2022,1,0.0,0.0,0.0,1.0,,31.0
Vancouver Whitecaps FC|Inter Miami CF,2019,1,0.8316,1.0,0.0,0.0,,30.0
Vancouver Whitecaps FC|Inter Miami CF|Toronto FC,2021,1,0.0,0.0,0.0,1.0,,88.0
Vancouver Whitecaps FC|LA Galaxy,2019,1,0.0772,1.0,0.0,0.0,,53.0
Vancouver Whitecaps FC|LA Galaxy,2020,1,0.6239,1.0,0.0,0.0,,80.0
Vancouver Whitecaps FC|LA Galaxy,2022,1,0.7716,1.0,0.0,0.0,,57.0
Vancouver Whitecaps FC|LAFC,2018,1,0.9896,1.0,0.0,0.0,,45.0
Vancouver Whitecaps FC|LAFC,2023,1,-0.5399,0.0,1.0,0.0,,9.0
Vancouver Whitecaps FC|Minnesota United FC,2018,1,0.4939,1.0,0.0,0.0,,45.0
Vancouver Whitecaps FC|Nashville SC,2020,1,0.0,0.0,0.0,1.0,,18.0
Vancouver Whitecaps FC|New York Red Bulls,2021,1,0.0,0.0,0.0,1.0,,27.0
Vancouver Whitecaps FC|Orlando City SC,2018,1,0.0,0.0,0.0,1.0,,31.0
Vancouver Whitecaps FC|Portland Timbers,2018,1,0.0,0.0,0.0,1.0,,128.0
Vancouver Whitecaps FC|Portland Timbers,2020,1,0.0,0.0,0.0,1.0,,26.0
Vancouver Whitecaps FC|Portland Timbers,2021,1,-0.6331,0.0,1.0,0.0,,37.0
Vancouver Whitecaps FC|Portland Timbers|Seattle Sounders FC,2021,1,0.3919,1.0,0.0,0.0,,80.0
Vancouver Whitecaps FC|Real Salt Lake,2021,1,0.0,0.0,0.0,1.0,,46.0
Vancouver Whitecaps FC|Real Salt Lake,2023,1,0.0,0.0,0.0,1.0,,34.0
Vancouver Whitecaps FC|San Jose Earthquakes,2021,1,0.0,0.0,0.0,1.0,,30.0
Vancouver Whitecaps FC|Seattle Sounders FC,2022,1,0.972,1.0,0.0,0.0,,63.0
Vancouver Whitecaps FC|Seattle Sounders FC,2023,1,0.0,0.0,0.0,1.0,,20.0
Vancouver Whitecaps FC|Seattle Sounders FC,2024,1,0.3612,1.0,0.0,0.0,,65.0
Vancouver Whitecaps FC|Seattle Sounders FC|FC Dallas|San Jose Earthquakes,2020,1,0.0,0.0,0.0,1.0,,27.0
Vancouver Whitecaps FC|Seattle Sounders FC|Portland Timbers,2024,1,-0.0772,0.0,1.0,0.0,,114.0
Vancouver Whitecaps FC|Sporting Kansas City,2018,1,0.296,1.0,0.0,0.0,,38.0
Vancouver Whitecaps FC|Sporting Kansas City,2021,1,-0.7887,0.0,1.0,0.0,,176.0
Vancouver Whitecaps FC|Sporting Kansas City,2022,1,0.0,0.0,0.0,1.0,,27.0
Vancouver Whitecaps FC|Toronto FC,2020,1,0.4939,1.0,0.0,0.0,,39.0
Vancouver Whitecaps FC|Toronto FC,2021,1,0.9381,1.0,0.0,0.0,,35.0
Vancouver Whitecaps FC|Toronto FC,2022,2,0.658,1.0,0.0,0.0,0.3077,34.0
Vancouver Whitecaps FC|Toronto FC,2024,1,0.9423,1.0,0.0,0.0,,92.0
